classAccount,timestamp,UTC,total,public_public1,public_public2,public_public3,public_public4,secret_secret01,secret_secret02,secret_secret03,secret_secret04,secret_secret05,secret_secret06,secret_secret07,secret_secret08,secret_secret09,secret_secret10,secret_secret11,secret_secret12,secret_secret13,secret_secret14,secret_secret15,secret_secret16,secret_secret17,secret_secret18,secret_secret19,secret_secret20,secret_secret21,secret_secret22,secret_secret23,secret_secret24,secret_secret25,secret_secret26,secret_secret27,secret_secret28,secret_secret29,secret_secret30,secret_secret31
sgilles,2012-10-27 14:04:26.0,1351361066000,60,0,5,5,5,3,3,0,3,3,0,3,3,3,3,3,3,3,3,3,0,3,3,0,0,0,0,0,0,0,0,0,0,0,0,0
sgilles,2012-10-27 14:11:36.0,1351361496000,65,5,5,5,5,3,3,0,3,3,0,3,3,3,3,3,3,3,3,3,0,3,3,0,0,0,0,0,0,0,0,0,0,0,0,0
sberger,2012-10-29 11:56:32.0,1351526192000,34,5,5,0,0,0,0,3,3,3,3,3,3,3,3,0,0,0,0,0,0,0,0,0,0,0,0,0,0,0,0,0,0,0,0,0
sgilles,2012-10-29 15:16:38.0,1351538198000,91,5,5,5,5,3,3,0,3,3,0,3,3,3,3,3,3,3,3,3,0,3,3,2,2,2,2,2,2,2,2,2,2,2,2,2
sberger,2012-10-29 17:48:53.0,1351547333000,34,5,5,0,0,0,0,3,3,3,3,3,3,3,3,0,0,0,0,0,0,0,0,0,0,0,0,0,0,0,0,0,0,0,0,0
sberger,2012-10-29 17:52:05.0,1351547525000,60,5,5,5,0,0,0,3,3,3,3,3,3,3,3,3,3,3,3,3,3,3,0,0,0,0,0,0,0,0,0,0,0,0,0,0
takako,2012-10-29 19:26:33.0,1351553193000,63,5,5,5,0,3,3,3,3,3,3,3,3,3,3,3,3,3,3,3,3,0,0,0,0,0,0,0,0,0,0,0,0,0,0,0
dfarias,2012-10-30 13:29:54.0,1351618194000,79,5,5,5,5,3,3,3,3,3,3,3,3,3,3,0,0,0,0,0,0,0,3,2,2,2,2,2,2,2,2,2,2,2,2,2
oahsan,2012-10-30 16:05:33.0,1351627533000,69,5,5,5,0,3,3,3,3,3,3,3,3,3,3,3,3,3,3,3,3,3,3,0,0,0,0,0,0,0,0,0,0,0,0,0
oahsan,2012-10-30 16:42:23.0,1351629743000,74,5,5,5,5,3,3,3,3,3,3,3,3,3,3,3,3,3,3,3,3,3,3,0,0,0,0,0,0,0,0,0,0,0,0,0
takako,2012-10-30 18:30:29.0,1351636229000,63,5,5,5,0,3,3,3,3,3,3,3,3,3,3,3,3,3,3,3,3,0,0,0,0,0,0,0,0,0,0,0,0,0,0,0
ottos,2012-10-30 23:04:51.0,1351652691000,54,5,5,5,5,0,0,3,3,3,0,3,3,3,3,0,3,3,3,0,0,0,0,0,0,0,0,0,0,2,0,2,0,0,0,0
ahafez,2012-10-30 23:13:43.0,1351653223000,100,5,5,5,5,3,3,3,3,3,3,3,3,3,3,3,3,3,3,3,3,3,3,2,2,2,2,2,2,2,2,2,2,2,2,2
ahafez,2012-10-31 00:21:11.0,1351657271000,100,5,5,5,5,3,3,3,3,3,3,3,3,3,3,3,3,3,3,3,3,3,3,2,2,2,2,2,2,2,2,2,2,2,2,2
takako,2012-10-31 02:05:30.0,1351663530000,63,5,5,5,0,3,3,3,3,3,3,3,3,3,3,3,3,3,3,3,3,0,0,0,0,0,0,0,0,0,0,0,0,0,0,0
sberger,2012-10-31 15:56:32.0,1351713392000,74,5,5,5,5,3,3,3,3,3,3,3,3,3,3,3,3,3,3,3,3,3,3,0,0,0,0,0,0,0,0,0,0,0,0,0
ballard3,2012-10-31 17:54:23.0,1351720463000,88,5,5,5,5,3,3,3,3,3,0,3,3,3,3,0,0,0,3,3,3,3,3,2,2,2,2,2,2,2,2,2,2,2,2,2
oahsan,2012-10-31 19:33:03.0,1351726383000,74,5,5,5,5,3,3,3,3,3,3,3,3,3,3,3,3,3,3,3,3,3,3,0,0,0,0,0,0,0,0,0,0,0,0,0
oahsan,2012-10-31 19:41:35.0,1351726895000,100,5,5,5,5,3,3,3,3,3,3,3,3,3,3,3,3,3,3,3,3,3,3,2,2,2,2,2,2,2,2,2,2,2,2,2
kmm17,2012-10-31 20:40:10.0,1351730410000,32,5,0,0,0,3,3,3,3,3,3,3,3,3,0,0,0,0,0,0,0,0,0,0,0,0,0,0,0,0,0,0,0,0,0,0
ahuang14,2012-10-31 20:42:43.0,1351730563000,32,5,0,0,0,3,3,3,3,3,3,3,3,3,0,0,0,0,0,0,0,0,0,0,0,0,0,0,0,0,0,0,0,0,0,0
kmm17,2012-10-31 21:03:57.0,1351731837000,40,5,5,0,0,3,3,3,3,3,3,3,3,3,3,0,0,0,0,0,0,0,0,0,0,0,0,0,0,0,0,0,0,0,0,0
bshumate,2012-10-31 23:27:14.0,1351740434000,20,5,0,0,0,3,3,3,3,3,0,0,0,0,0,0,0,0,0,0,0,0,0,0,0,0,0,0,0,0,0,0,0,0,0,0
tlundfel,2012-11-01 01:42:56.0,1351748576000,46,5,5,0,0,0,0,3,3,3,0,3,3,3,3,3,3,3,0,3,3,0,0,0,0,0,0,0,0,0,0,0,0,0,0,0
tlundfel,2012-11-01 02:01:21.0,1351749681000,31,5,5,0,0,0,0,3,3,3,0,3,3,3,3,0,0,0,0,0,0,0,0,0,0,0,0,0,0,0,0,0,0,0,0,0
tlundfel,2012-11-01 02:02:46.0,1351749766000,49,5,5,0,0,0,0,3,3,3,0,3,3,3,3,3,3,3,3,3,3,0,0,0,0,0,0,0,0,0,0,0,0,0,0,0
tlundfel,2012-11-01 02:08:41.0,1351750121000,54,5,5,5,0,0,0,3,3,3,0,3,3,3,3,3,3,3,3,3,3,0,0,0,0,0,0,0,0,0,0,0,0,0,0,0
tlundfel,2012-11-01 04:36:09.0,1351758969000,60,5,5,5,0,0,0,3,3,3,3,3,3,3,3,3,3,3,3,3,3,0,3,0,0,0,0,0,0,0,0,0,0,0,0,0
takako,2012-11-01 15:42:42.0,1351798962000,68,5,5,5,5,3,3,3,3,3,3,3,3,3,3,3,3,3,3,3,3,0,0,0,0,0,0,0,0,0,0,0,0,0,0,0
bshumate,2012-11-01 15:55:50.0,1351799750000,40,5,5,0,0,3,3,3,3,3,3,3,3,3,3,0,0,0,0,0,0,0,0,0,0,0,0,0,0,0,0,0,0,0,0,0
ahuang14,2012-11-01 19:59:45.0,1351814385000,52,5,5,0,0,3,3,3,3,3,3,3,3,3,3,0,0,0,3,3,3,0,3,0,0,0,0,0,0,0,0,0,0,0,0,0
izhou,2012-11-01 22:22:05.0,1351822925000,91,5,5,5,5,0,0,3,3,3,3,3,3,3,3,3,3,3,3,3,0,3,3,2,2,2,2,2,2,2,2,2,2,2,2,2
arjun1,2012-11-01 23:23:08.0,1351826588000,20,5,0,0,0,3,3,3,3,3,0,0,0,0,0,0,0,0,0,0,0,0,0,0,0,0,0,0,0,0,0,0,0,0,0,0
mmille,2012-11-02 00:28:10.0,1351830490000,53,5,5,5,5,3,3,3,3,3,3,3,3,3,3,0,0,0,0,0,0,0,3,0,0,0,0,0,0,0,0,0,0,0,0,0
nkarroum,2012-11-02 02:21:30.0,1351837290000,17,5,0,0,0,0,0,3,3,3,3,0,0,0,0,0,0,0,0,0,0,0,0,0,0,0,0,0,0,0,0,0,0,0,0,0
jyan7,2012-11-02 02:38:22.0,1351838302000,0,0,0,0,0,0,0,0,0,0,0,0,0,0,0,0,0,0,0,0,0,0,0,0,0,0,0,0,0,0,0,0,0,0,0,0
jyan7,2012-11-02 02:57:25.0,1351839445000,0,0,0,0,0,0,0,0,0,0,0,0,0,0,0,0,0,0,0,0,0,0,0,0,0,0,0,0,0,0,0,0,0,0,0,0
jyan7,2012-11-02 04:24:44.0,1351844684000,34,5,5,0,0,0,0,3,3,3,3,3,3,3,3,0,0,0,0,0,0,0,0,0,0,0,0,0,0,0,0,0,0,0,0,0
bshumate,2012-11-02 11:25:15.0,1351869915000,57,5,5,5,0,3,3,3,3,3,3,3,3,3,3,0,0,0,3,3,3,0,3,0,0,0,0,0,0,0,0,0,0,0,0,0
nkarroum,2012-11-02 11:26:44.0,1351870004000,34,5,5,0,0,0,0,3,3,3,3,3,3,3,3,0,0,0,0,0,0,0,0,0,0,0,0,0,0,0,0,0,0,0,0,0
ottos,2012-11-02 13:01:41.0,1351875701000,74,5,5,5,5,0,0,3,3,3,0,3,3,3,3,0,3,3,3,0,0,0,0,0,2,2,2,2,2,2,2,2,2,2,2,2
mmille,2012-11-02 13:13:46.0,1351876426000,71,5,5,5,5,3,3,3,3,3,3,3,3,3,3,3,3,3,3,3,3,0,3,0,0,0,0,0,0,0,0,0,0,0,0,0
atran124,2012-11-02 15:03:23.0,1351883003000,63,5,0,5,5,3,3,3,3,3,3,3,3,0,3,3,3,3,3,3,3,3,0,0,0,0,0,0,0,0,0,0,0,0,0,0
atran124,2012-11-02 15:11:11.0,1351883471000,71,5,5,5,5,3,3,3,3,3,3,3,3,3,3,3,3,3,3,3,3,3,0,0,0,0,0,0,0,0,0,0,0,0,0,0
pbloch,2012-11-02 19:38:18.0,1351899498000,3,0,0,0,0,0,0,3,0,0,0,0,0,0,0,0,0,0,0,0,0,0,0,0,0,0,0,0,0,0,0,0,0,0,0,0
izhou,2012-11-02 21:38:44.0,1351906724000,91,5,5,5,5,0,0,3,3,3,3,3,3,3,3,3,3,3,3,3,0,3,3,2,2,2,2,2,2,2,2,2,2,2,2,2
lwu12,2012-11-02 21:42:18.0,1351906938000,68,5,5,5,5,3,3,3,3,3,3,3,3,3,3,3,3,3,3,3,3,0,0,0,0,0,0,0,0,0,0,0,0,0,0,0
sberger,2012-11-02 21:48:39.0,1351907319000,78,5,5,5,5,3,3,3,3,3,3,3,3,3,3,3,3,3,3,3,3,3,3,0,0,0,0,0,0,2,0,0,0,2,0,0
myw1992,2012-11-02 22:28:46.0,1351909726000,30,0,0,5,5,0,0,0,0,0,0,0,0,0,0,0,0,0,3,3,0,0,0,2,2,0,0,0,2,2,0,2,2,2,0,0
mmille,2012-11-03 01:37:46.0,1351921066000,97,5,5,5,5,3,3,3,3,3,3,3,3,3,3,3,3,3,3,3,3,0,3,2,2,2,2,2,2,2,2,2,2,2,2,2
myw1992,2012-11-03 03:15:12.0,1351926912000,70,5,5,5,5,3,0,3,3,3,3,3,3,3,3,0,0,0,3,3,0,0,3,2,2,0,0,0,2,2,0,2,2,2,0,0
jyan7,2012-11-03 04:13:43.0,1351930423000,59,5,5,5,5,0,0,3,3,3,3,3,3,3,3,0,0,0,3,3,3,3,3,0,0,0,0,0,0,0,0,0,0,0,0,0
sberger,2012-11-03 05:41:07.0,1351935667000,86,5,5,5,5,3,3,3,3,3,3,3,3,3,3,3,3,3,3,3,3,3,3,2,0,0,2,0,2,2,0,2,2,0,0,0
spannell,2012-11-03 05:42:15.0,1351935735000,73,5,5,5,5,0,0,3,3,3,3,3,3,3,3,0,0,0,0,0,0,0,3,2,2,2,2,2,2,2,2,2,2,2,2,2
kmm17,2012-11-03 13:02:56.0,1351962176000,49,5,5,0,0,3,3,3,3,3,3,3,3,3,3,0,0,0,0,3,3,0,3,0,0,0,0,0,0,0,0,0,0,0,0,0
kmm17,2012-11-03 13:10:04.0,1351962604000,62,5,5,5,5,3,3,3,3,3,3,3,3,3,3,0,0,0,3,3,3,0,3,0,0,0,0,0,0,0,0,0,0,0,0,0
ahuang14,2012-11-03 13:57:50.0,1351965470000,62,5,5,5,5,0,0,3,3,3,3,3,3,3,3,0,3,0,3,3,3,3,3,0,0,0,0,0,0,0,0,0,0,0,0,0
kmm17,2012-11-03 14:40:48.0,1351968048000,88,5,5,5,5,3,3,3,3,3,3,3,3,3,3,0,0,0,3,3,3,0,3,2,2,2,2,2,2,2,2,2,2,2,2,2
kmm17,2012-11-03 14:42:37.0,1351968157000,88,5,5,5,5,3,3,3,3,3,3,3,3,3,3,0,0,0,3,3,3,0,3,2,2,2,2,2,2,2,2,2,2,2,2,2
jhsiegel,2012-11-03 15:21:42.0,1351970502000,65,5,5,5,5,3,3,3,3,3,0,3,3,3,3,3,3,3,3,3,0,3,0,0,0,0,0,0,0,0,0,0,0,0,0,0
ahuang14,2012-11-03 15:22:36.0,1351970556000,88,5,5,5,5,0,0,3,3,3,3,3,3,3,3,0,3,0,3,3,3,3,3,2,2,2,2,2,2,2,2,2,2,2,2,2
dfarias,2012-11-03 15:47:53.0,1351972073000,79,5,5,5,5,3,3,3,3,3,3,3,3,3,3,0,0,0,0,0,0,0,3,2,2,2,2,2,2,2,2,2,2,2,2,2
amalik12,2012-11-03 15:57:58.0,1351972678000,69,5,5,5,5,3,3,3,3,3,3,3,3,3,3,3,0,3,3,3,0,0,3,0,2,0,0,0,0,2,0,0,0,0,0,0
jhsiegel,2012-11-03 16:03:26.0,1351973006000,65,5,5,5,5,3,3,3,3,3,0,3,3,3,3,3,3,3,3,3,0,3,0,0,0,0,0,0,0,0,0,0,0,0,0,0
oahsan,2012-11-03 16:23:22.0,1351974202000,100,5,5,5,5,3,3,3,3,3,3,3,3,3,3,3,3,3,3,3,3,3,3,2,2,2,2,2,2,2,2,2,2,2,2,2
oahsan,2012-11-03 16:26:11.0,1351974371000,100,5,5,5,5,3,3,3,3,3,3,3,3,3,3,3,3,3,3,3,3,3,3,2,2,2,2,2,2,2,2,2,2,2,2,2
oahsan,2012-11-03 16:32:30.0,1351974750000,100,5,5,5,5,3,3,3,3,3,3,3,3,3,3,3,3,3,3,3,3,3,3,2,2,2,2,2,2,2,2,2,2,2,2,2
andyb,2012-11-03 17:53:02.0,1351979582000,60,5,5,5,0,0,0,3,3,3,3,3,3,3,3,3,3,3,3,3,3,3,0,0,0,0,0,0,0,0,0,0,0,0,0,0
bneumaie,2012-11-03 18:01:36.0,1351980096000,71,5,5,5,5,3,3,3,3,3,3,3,3,3,3,3,3,3,3,3,3,0,3,0,0,0,0,0,0,0,0,0,0,0,0,0
etanner1,2012-11-03 20:04:48.0,1351987488000,63,5,5,5,0,0,0,3,3,3,3,3,3,3,3,3,3,3,3,3,3,3,3,0,0,0,0,0,0,0,0,0,0,0,0,0
tirish,2012-11-03 21:11:34.0,1351991494000,65,5,5,5,0,3,3,3,3,3,3,3,3,3,3,3,3,3,3,3,0,3,0,2,0,0,0,0,0,0,0,0,0,0,0,0
jdklein,2012-11-03 21:12:50.0,1351991570000,69,5,5,5,0,3,3,3,3,3,3,3,3,3,3,3,3,3,3,3,3,3,3,0,0,0,0,0,0,0,0,0,0,0,0,0
dshaw,2012-11-03 21:17:48.0,1351991868000,100,5,5,5,5,3,3,3,3,3,3,3,3,3,3,3,3,3,3,3,3,3,3,2,2,2,2,2,2,2,2,2,2,2,2,2
arjun1,2012-11-03 21:19:26.0,1351991966000,45,5,5,5,0,3,3,3,3,3,0,3,3,3,3,0,0,0,0,0,0,0,3,0,0,0,0,0,0,0,0,0,0,0,0,0
alinhard,2012-11-03 21:25:40.0,1351992340000,40,0,5,5,0,0,0,3,3,3,3,3,3,3,3,0,0,0,0,3,3,0,0,0,0,0,0,0,0,0,0,0,0,0,0,0
jdklein,2012-11-03 22:36:37.0,1351996597000,74,5,5,5,5,3,3,3,3,3,3,3,3,3,3,3,3,3,3,3,3,3,3,0,0,0,0,0,0,0,0,0,0,0,0,0
amalik12,2012-11-03 23:19:53.0,1351999193000,91,5,5,5,5,3,3,3,3,3,3,3,3,3,3,3,0,3,3,3,0,0,3,2,2,2,2,2,2,2,2,2,2,2,2,2
enav,2012-11-04 00:44:00.0,1352004240000,91,5,5,5,5,3,3,3,3,3,3,3,3,3,3,3,3,3,3,0,0,0,3,2,2,2,2,2,2,2,2,2,2,2,2,2
parakh,2012-11-04 01:15:03.0,1352009703000,91,5,5,5,5,3,3,3,3,3,3,3,3,3,3,0,0,0,3,3,3,3,3,2,2,2,2,2,2,2,2,2,2,2,2,2
arinray,2012-11-04 02:00:21.0,1352012421000,0,0,0,0,0,0,0,0,0,0,0,0,0,0,0,0,0,0,0,0,0,0,0,0,0,0,0,0,0,0,0,0,0,0,0,0
scassedy,2012-11-04 02:33:48.0,1352014428000,94,5,5,5,5,3,3,3,3,3,3,3,3,3,3,3,3,3,3,3,0,0,3,2,2,2,2,2,2,2,2,2,2,2,2,2
erudnick,2012-11-04 02:46:31.0,1352015191000,47,5,5,5,5,0,0,0,3,3,0,3,3,3,3,0,0,0,3,3,3,0,0,0,0,0,0,0,0,0,0,0,0,0,0,0
arinray,2012-11-04 02:49:12.0,1352015352000,17,5,0,0,0,0,0,3,3,3,3,0,0,0,0,0,0,0,0,0,0,0,0,0,0,0,0,0,0,0,0,0,0,0,0,0
arinray,2012-11-04 02:53:58.0,1352015638000,26,5,0,0,0,0,0,3,3,3,3,3,3,0,3,0,0,0,0,0,0,0,0,0,0,0,0,0,0,0,0,0,0,0,0,0
jyan7,2012-11-04 02:58:23.0,1352015903000,54,5,5,5,0,0,0,3,3,3,3,3,3,3,3,0,0,0,3,3,3,3,3,0,0,0,0,0,0,0,0,0,0,0,0,0
bshumate,2012-11-04 03:29:10.0,1352017750000,86,5,5,5,5,3,3,3,3,3,3,3,3,3,3,3,3,3,3,3,3,3,3,2,0,0,2,0,2,2,0,2,2,0,0,0
jyan7,2012-11-04 03:30:26.0,1352017826000,85,5,5,5,5,0,0,3,3,3,3,3,3,3,3,0,0,0,3,3,3,3,3,2,2,2,2,2,2,2,2,2,2,2,2,2
jdklein,2012-11-04 03:35:17.0,1352018117000,69,5,5,5,0,3,3,3,3,3,3,3,3,3,3,3,3,3,3,3,3,3,3,0,0,0,0,0,0,0,0,0,0,0,0,0
alinhard,2012-11-04 03:35:25.0,1352018125000,50,5,5,5,5,0,0,3,3,3,3,3,3,3,3,0,0,0,0,3,3,0,0,0,0,0,0,0,0,0,0,0,0,0,0,0
alinhard,2012-11-04 03:37:16.0,1352018236000,50,5,5,5,5,0,0,3,3,3,3,3,3,3,3,0,0,0,0,3,3,0,0,0,0,0,0,0,0,0,0,0,0,0,0,0
jdklein,2012-11-04 03:37:56.0,1352018276000,69,5,5,5,0,3,3,3,3,3,3,3,3,3,3,3,3,3,3,3,3,3,3,0,0,0,0,0,0,0,0,0,0,0,0,0
jdklein,2012-11-04 03:40:00.0,1352018400000,74,5,5,5,5,3,3,3,3,3,3,3,3,3,3,3,3,3,3,3,3,3,3,0,0,0,0,0,0,0,0,0,0,0,0,0
jdklein,2012-11-04 05:13:28.0,1352024008000,74,5,5,5,5,3,3,3,3,3,3,3,3,3,3,3,3,3,3,3,3,3,3,0,0,0,0,0,0,0,0,0,0,0,0,0
jdklein,2012-11-04 05:44:26.0,1352025866000,69,5,5,5,0,3,3,3,3,3,3,3,3,3,3,3,3,3,3,3,3,3,3,0,0,0,0,0,0,0,0,0,0,0,0,0
jdklein,2012-11-04 05:51:43.0,1352026303000,74,5,5,5,5,3,3,3,3,3,3,3,3,3,3,3,3,3,3,3,3,3,3,0,0,0,0,0,0,0,0,0,0,0,0,0
aac312,2012-11-04 09:31:57.0,1352039517000,6,0,0,0,0,0,0,3,3,0,0,0,0,0,0,0,0,0,0,0,0,0,0,0,0,0,0,0,0,0,0,0,0,0,0,0
aac312,2012-11-04 10:46:11.0,1352043971000,0,0,0,0,0,0,0,0,0,0,0,0,0,0,0,0,0,0,0,0,0,0,0,0,0,0,0,0,0,0,0,0,0,0,0,0
jafranck,2012-11-04 14:02:30.0,1352055750000,100,5,5,5,5,3,3,3,3,3,3,3,3,3,3,3,3,3,3,3,3,3,3,2,2,2,2,2,2,2,2,2,2,2,2,2
jhsiegel,2012-11-04 14:22:41.0,1352056961000,65,5,5,5,5,3,3,3,3,3,0,3,3,3,3,3,3,3,3,3,0,3,0,0,0,0,0,0,0,0,0,0,0,0,0,0
mikasent,2012-11-04 15:32:56.0,1352061176000,72,5,5,5,5,0,0,3,3,3,3,3,3,3,3,3,3,3,3,3,3,3,3,2,0,0,0,2,0,0,0,0,0,0,0,0
ychen123,2012-11-04 16:40:23.0,1352065223000,53,5,5,5,5,3,3,3,3,3,3,3,3,3,3,0,0,0,0,0,0,0,3,0,0,0,0,0,0,0,0,0,0,0,0,0
raja,2012-11-04 16:43:33.0,1352065413000,100,5,5,5,5,3,3,3,3,3,3,3,3,3,3,3,3,3,3,3,3,3,3,2,2,2,2,2,2,2,2,2,2,2,2,2
lucataco,2012-11-04 16:59:43.0,1352066383000,34,5,5,0,0,0,0,3,3,3,3,3,3,3,3,0,0,0,0,0,0,0,0,0,0,0,0,0,0,0,0,0,0,0,0,0
ychen123,2012-11-04 17:06:04.0,1352066764000,79,5,5,5,5,3,3,3,3,3,3,3,3,3,3,0,0,0,0,0,0,0,3,2,2,2,2,2,2,2,2,2,2,2,2,2
pbloch,2012-11-04 17:10:26.0,1352067026000,0,0,0,0,0,0,0,0,0,0,0,0,0,0,0,0,0,0,0,0,0,0,0,0,0,0,0,0,0,0,0,0,0,0,0,0
jbeaudoi,2012-11-04 17:12:59.0,1352067179000,44,5,5,5,5,0,0,3,3,3,0,3,3,3,3,0,0,0,0,0,0,0,3,0,0,0,0,0,0,0,0,0,0,0,0,0
ychen123,2012-11-04 17:47:51.0,1352069271000,79,5,5,5,5,3,3,3,3,3,3,3,3,3,3,0,0,0,0,0,0,0,3,2,2,2,2,2,2,2,2,2,2,2,2,2
enav,2012-11-04 17:50:36.0,1352069436000,97,5,5,5,5,3,3,3,3,3,3,3,3,3,3,3,3,3,3,3,3,0,3,2,2,2,2,2,2,2,2,2,2,2,2,2
aac312,2012-11-04 17:51:09.0,1352069469000,14,5,0,0,0,0,0,3,3,3,0,0,0,0,0,0,0,0,0,0,0,0,0,0,0,0,0,0,0,0,0,0,0,0,0,0
ychen123,2012-11-04 18:32:46.0,1352071966000,82,5,5,5,5,3,3,3,3,3,3,3,3,3,3,0,0,0,0,0,3,0,3,2,2,2,2,2,2,2,2,2,2,2,2,2
lvalenta,2012-11-04 19:53:45.0,1352076825000,100,5,5,5,5,3,3,3,3,3,3,3,3,3,3,3,3,3,3,3,3,3,3,2,2,2,2,2,2,2,2,2,2,2,2,2
atran124,2012-11-04 21:18:22.0,1352081902000,68,5,5,5,5,3,3,3,3,3,3,3,3,3,3,3,3,3,3,3,0,3,0,0,0,0,0,0,0,0,0,0,0,0,0,0
sal1992,2012-11-04 22:21:12.0,1352085672000,0,0,0,0
etanner1,2012-11-04 22:22:54.0,1352085774000,74,5,5,5,5,3,3,3,3,3,3,3,3,3,3,3,3,3,3,3,3,3,3,0,0,0,0,0,0,0,0,0,0,0,0,0
nbakirci,2012-11-05 00:03:56.0,1352091836000,59,5,5,5,5,3,3,3,3,3,3,3,3,3,3,0,0,0,3,3,3,0,0,0,0,0,0,0,0,0,0,0,0,0,0,0
pmasigla,2012-11-05 00:15:42.0,1352092542000,54,5,5,5,0,0,0,3,3,3,3,3,3,3,3,3,3,3,3,3,0,0,0,0,0,0,0,0,0,0,0,0,0,0,0,0
etanner1,2012-11-05 00:17:33.0,1352092653000,100,5,5,5,5,3,3,3,3,3,3,3,3,3,3,3,3,3,3,3,3,3,3,2,2,2,2,2,2,2,2,2,2,2,2,2
ahafez,2012-11-05 00:29:40.0,1352093380000,100,5,5,5,5,3,3,3,3,3,3,3,3,3,3,3,3,3,3,3,3,3,3,2,2,2,2,2,2,2,2,2,2,2,2,2
viyen,2012-11-05 01:07:22.0,1352095642000,79,5,5,5,5,0,0,3,3,3,3,3,3,3,3,3,3,3,3,3,3,3,0,2,2,0,2,0,2,2,0,0,2,2,0,0
elfalem,2012-11-05 01:23:30.0,1352096610000,88,5,5,5,5,0,0,3,3,3,3,3,3,3,3,3,3,3,3,3,3,0,0,2,2,2,2,2,2,2,2,2,2,2,2,2
bshumate,2012-11-05 01:51:16.0,1352098276000,100,5,5,5,5,3,3,3,3,3,3,3,3,3,3,3,3,3,3,3,3,3,3,2,2,2,2,2,2,2,2,2,2,2,2,2
arinray,2012-11-05 03:49:59.0,1352105399000,53,5,5,5,5,0,0,3,3,3,3,3,3,3,3,0,0,0,3,3,3,0,0,0,0,0,0,0,0,0,0,0,0,0,0,0
schrist2,2012-11-05 05:07:27.0,1352110047000,94,5,5,5,5,3,3,3,3,3,3,3,3,3,3,3,3,3,3,3,3,0,0,2,2,2,2,2,2,2,2,2,2,2,2,2
mikasent,2012-11-05 11:34:55.0,1352133295000,94,5,5,5,5,0,0,3,3,3,3,3,3,3,3,3,3,3,3,3,3,3,3,2,2,2,2,2,2,2,2,2,2,2,2,2
srandall,2012-11-05 11:55:05.0,1352134505000,74,5,5,5,5,3,3,3,3,3,3,3,3,3,3,3,3,3,3,3,3,3,3,0,0,0,0,0,0,0,0,0,0,0,0,0
rafletch,2012-11-05 12:23:27.0,1352136207000,88,5,5,5,5,0,0,3,3,3,3,3,3,3,3,3,3,3,3,3,3,0,0,2,2,2,2,2,2,2,2,2,2,2,2,2
aac312,2012-11-05 12:51:11.0,1352137871000,39,5,5,5,0,0,0,0,3,3,0,3,3,3,3,0,0,0,3,3,0,0,0,0,0,0,0,0,0,0,0,0,0,0,0,0
tirish,2012-11-05 15:16:58.0,1352146618000,68,5,5,5,0,3,3,3,3,3,3,3,3,3,3,3,3,3,3,3,3,3,0,2,0,0,0,0,0,0,0,0,0,0,0,0
pbloch,2012-11-05 15:48:54.0,1352148534000,66,5,5,5,0,3,3,3,3,3,3,3,3,3,3,3,3,3,3,0,3,3,3,0,0,0,0,0,0,0,0,0,0,0,0,0
hconvers,2012-11-05 16:35:48.0,1352151348000,94,5,5,5,5,0,0,3,3,3,3,3,3,3,3,3,3,3,3,3,3,3,3,2,2,2,2,2,2,2,2,2,2,2,2,2
emkell2,2012-11-05 16:39:11.0,1352151551000,71,5,5,5,5,3,3,3,3,3,3,3,3,3,3,3,0,3,3,3,3,3,3,0,0,0,0,0,0,0,0,0,0,0,0,0
agoley,2012-11-05 18:32:23.0,1352158343000,60,5,0,5,5,3,3,3,3,3,3,3,3,3,0,3,0,3,3,3,3,0,3,0,0,0,0,0,0,0,0,0,0,0,0,0
agoley,2012-11-05 18:53:12.0,1352159592000,68,5,5,5,5,3,3,3,3,3,3,3,3,3,3,3,0,3,3,3,3,0,3,0,0,0,0,0,0,0,0,0,0,0,0,0
etanner1,2012-11-05 19:21:39.0,1352161299000,100,5,5,5,5,3,3,3,3,3,3,3,3,3,3,3,3,3,3,3,3,3,3,2,2,2,2,2,2,2,2,2,2,2,2,2
robertzi,2012-11-05 21:16:26.0,1352168186000,77,5,5,5,5,3,3,3,3,3,3,3,3,3,3,3,3,3,3,3,0,3,3,0,2,0,0,0,0,2,0,0,0,2,0,0
sanfin,2012-11-05 21:18:31.0,1352168311000,94,5,5,5,5,3,3,3,3,3,3,3,3,3,3,3,3,3,3,3,0,0,3,2,2,2,2,2,2,2,2,2,2,2,2,2
elfalem,2012-11-05 21:31:30.0,1352169090000,97,5,5,5,5,3,3,3,3,3,3,3,3,3,3,3,3,3,3,3,3,0,3,2,2,2,2,2,2,2,2,2,2,2,2,2
relh,2012-11-05 21:43:40.0,1352169820000,74,5,5,5,5,3,3,3,3,3,3,3,3,3,3,3,3,3,3,3,3,3,3,0,0,0,0,0,0,0,0,0,0,0,0,0
slast,2012-11-05 21:52:27.0,1352170347000,65,5,5,5,5,3,3,0,3,3,3,3,3,3,3,3,3,3,3,3,3,0,0,0,0,0,0,0,0,0,0,0,0,0,0,0
relh,2012-11-05 21:58:40.0,1352170720000,74,5,5,5,5,3,3,3,3,3,3,3,3,3,3,3,3,3,3,3,3,3,3,0,0,0,0,0,0,0,0,0,0,0,0,0
jkrynits,2012-11-05 23:12:46.0,1352175166000,37,5,5,0,0,3,3,3,3,3,3,0,3,3,3,0,0,0,0,0,0,0,0,0,0,0,0,0,0,0,0,0,0,0,0,0
pnels,2012-11-05 23:21:13.0,1352175673000,78,5,0,5,0,3,3,3,3,3,3,3,3,3,0,3,3,3,3,3,0,0,0,2,2,2,2,2,2,2,2,2,2,2,2,2
arinray,2012-11-05 23:27:01.0,1352176021000,14,0,0,5,0,0,0,0,0,0,0,0,0,0,0,0,0,0,3,3,3,0,0,0,0,0,0,0,0,0,0,0,0,0,0,0
elfalem,2012-11-05 23:31:52.0,1352176312000,97,5,5,5,5,3,3,3,3,3,3,3,3,3,3,3,3,3,3,3,3,0,3,2,2,2,2,2,2,2,2,2,2,2,2,2
pnels,2012-11-05 23:50:00.0,1352177400000,91,5,5,5,5,3,3,3,3,3,3,3,3,3,3,3,3,3,3,3,0,0,0,2,2,2,2,2,2,2,2,2,2,2,2,2
robertzi,2012-11-05 23:51:20.0,1352177480000,97,5,5,5,5,3,3,3,3,3,3,3,3,3,3,3,3,3,3,3,0,3,3,2,2,2,2,2,2,2,2,2,2,2,2,2
rmonga1,2012-11-05 23:52:12.0,1352177532000,74,5,5,5,5,3,3,3,3,3,3,3,3,3,3,3,3,3,3,3,3,3,3,0,0,0,0,0,0,0,0,0,0,0,0,0
rle1,2012-11-05 23:56:04.0,1352177764000,74,5,5,5,5,3,3,3,3,3,3,3,3,3,3,3,3,3,3,3,3,3,3,0,0,0,0,0,0,0,0,0,0,0,0,0
lwu12,2012-11-06 00:31:15.0,1352179875000,97,5,5,5,5,3,3,3,3,3,3,3,3,3,3,3,3,3,3,3,3,0,3,2,2,2,2,2,2,2,2,2,2,2,2,2
pbloch,2012-11-06 00:32:42.0,1352179962000,71,5,5,5,5,3,3,3,3,3,3,3,3,3,3,3,3,3,3,0,3,3,3,0,0,0,0,0,0,0,0,0,0,0,0,0
bdoyle,2012-11-06 00:49:36.0,1352180976000,63,5,5,0,5,0,0,3,3,3,3,3,3,3,3,0,0,0,0,0,0,0,0,0,2,2,2,2,2,2,2,2,2,2,2,2
enav,2012-11-06 00:53:56.0,1352181236000,97,5,5,5,5,3,3,3,3,3,3,3,3,3,3,3,3,3,3,3,3,0,3,2,2,2,2,2,2,2,2,2,2,2,2,2
nmistry1,2012-11-06 00:55:34.0,1352181334000,69,5,5,5,0,3,3,3,3,3,3,3,3,3,3,3,3,3,3,3,3,3,3,0,0,0,0,0,0,0,0,0,0,0,0,0
mdjackso,2012-11-06 01:01:43.0,1352181703000,59,5,5,5,5,0,0,3,3,3,3,3,3,3,3,0,3,3,3,0,3,0,3,0,0,0,0,0,0,0,0,0,0,0,0,0
jwang113,2012-11-06 01:24:29.0,1352183069000,71,5,5,5,5,3,3,3,3,3,3,3,3,3,3,3,3,3,3,3,3,0,3,0,0,0,0,0,0,0,0,0,0,0,0,0
yeealex,2012-11-06 01:28:19.0,1352183299000,74,5,5,5,5,3,3,3,3,3,3,3,3,3,3,3,3,3,3,3,3,3,3,0,0,0,0,0,0,0,0,0,0,0,0,0
nkarroum,2012-11-06 01:42:14.0,1352184134000,48,5,5,5,0,0,0,3,3,3,3,3,3,3,3,0,0,3,0,3,3,0,0,0,0,0,0,0,0,0,0,0,0,0,0,0
aridgway,2012-11-06 01:45:11.0,1352184311000,77,5,5,5,5,3,3,0,3,3,0,3,3,3,3,0,0,0,3,0,0,3,3,0,2,2,2,2,2,2,2,2,2,2,2,2
rjames13,2012-11-06 01:49:51.0,1352184591000,100,5,5,5,5,3,3,3,3,3,3,3,3,3,3,3,3,3,3,3,3,3,3,2,2,2,2,2,2,2,2,2,2,2,2,2
jbeaudoi,2012-11-06 02:36:48.0,1352187408000,69,5,5,5,0,3,3,3,3,3,3,3,3,3,3,3,3,3,3,3,3,3,3,0,0,0,0,0,0,0,0,0,0,0,0,0
lucataco,2012-11-06 02:38:11.0,1352187491000,44,5,5,5,5,0,0,3,3,3,3,3,3,3,3,0,0,0,0,0,0,0,0,0,0,0,0,0,0,0,0,0,0,0,0,0
jbeaudoi,2012-11-06 02:39:12.0,1352187552000,100,5,5,5,5,3,3,3,3,3,3,3,3,3,3,3,3,3,3,3,3,3,3,2,2,2,2,2,2,2,2,2,2,2,2,2
tlundfel,2012-11-06 04:27:58.0,1352194078000,60,5,5,5,0,0,0,3,3,3,3,3,3,3,3,3,3,3,3,3,3,0,3,0,0,0,0,0,0,0,0,0,0,0,0,0
nathane,2012-11-06 08:54:34.0,1352210074000,28,0,0,5,5,0,0,0,0,0,0,0,0,0,0,3,3,3,3,3,3,0,0,0,0,0,0,0,0,0,0,0,0,0,0,0
nathane,2012-11-06 08:58:22.0,1352210302000,71,5,5,5,5,3,3,3,3,3,3,3,3,3,3,3,3,3,3,3,3,0,3,0,0,0,0,0,0,0,0,0,0,0,0,0
jfjessup,2012-11-06 09:01:20.0,1352210480000,49,5,0,5,0,3,3,3,3,3,3,0,3,3,0,3,3,3,3,3,0,0,0,0,0,0,0,0,0,0,0,0,0,0,0,0
bneumaie,2012-11-06 09:02:19.0,1352210539000,71,5,5,5,5,3,3,3,3,3,3,3,3,3,3,3,3,3,3,3,3,0,3,0,0,0,0,0,0,0,0,0,0,0,0,0
jfjessup,2012-11-06 09:06:46.0,1352210806000,60,5,5,5,0,3,3,3,3,3,3,3,3,3,3,3,3,3,3,3,0,0,0,0,0,0,0,0,0,0,0,0,0,0,0,0
bdoyle,2012-11-06 10:27:32.0,1352215652000,71,5,5,5,5,0,0,3,3,3,3,3,3,3,3,0,0,0,3,0,0,0,0,0,2,2,2,2,2,2,2,2,2,2,2,2
pnels,2012-11-06 10:36:05.0,1352216165000,91,5,5,5,5,3,3,3,3,3,3,3,3,3,3,3,3,3,3,3,0,0,0,2,2,2,2,2,2,2,2,2,2,2,2,2
bneumaie,2012-11-06 10:40:05.0,1352216405000,71,5,5,5,5,3,3,3,3,3,3,3,3,3,3,3,3,3,3,3,3,0,3,0,0,0,0,0,0,0,0,0,0,0,0,0
crobins,2012-11-06 10:48:47.0,1352216927000,97,5,5,5,5,3,3,3,3,3,3,3,3,3,3,3,3,3,3,3,0,3,3,2,2,2,2,2,2,2,2,2,2,2,2,2
crobins,2012-11-06 10:53:25.0,1352217205000,97,5,5,5,5,3,3,3,3,3,3,3,3,3,3,3,3,3,3,3,0,3,3,2,2,2,2,2,2,2,2,2,2,2,2,2
dfarias,2012-11-06 11:10:46.0,1352218246000,97,5,5,5,5,3,3,3,3,3,3,3,3,3,3,3,3,3,3,3,3,0,3,2,2,2,2,2,2,2,2,2,2,2,2,2
pvaughn,2012-11-06 11:17:51.0,1352218671000,23,0,5,0,0,0,0,3,0,0,3,3,3,3,3,0,0,0,0,0,0,0,0,0,0,0,0,0,0,0,0,0,0,0,0,0
anewell,2012-11-06 11:25:49.0,1352219149000,97,5,5,5,5,3,3,3,3,3,3,3,3,3,3,3,3,3,3,3,3,3,0,2,2,2,2,2,2,2,2,2,2,2,2,2
rafletch,2012-11-06 11:36:38.0,1352219798000,88,5,5,5,5,0,0,3,3,3,3,3,3,3,3,3,3,3,3,3,3,0,0,2,2,2,2,2,2,2,2,2,2,2,2,2
tlutz,2012-11-06 11:54:27.0,1352220867000,55,5,5,0,0,3,3,3,3,3,3,3,3,3,3,3,0,3,0,3,0,3,3,0,0,0,0,0,0,0,0,0,0,0,0,0
arjun1,2012-11-06 12:00:14.0,1352221214000,56,5,5,5,5,3,3,3,3,3,0,3,3,3,3,0,0,0,0,0,0,0,3,0,0,0,0,2,0,2,0,0,0,2,0,0
arjun1,2012-11-06 12:00:48.0,1352221248000,59,5,5,5,5,3,3,3,3,3,3,3,3,3,3,0,0,0,0,0,0,0,3,0,0,0,0,2,0,2,0,0,0,2,0,0
jhsiegel,2012-11-06 12:21:27.0,1352222487000,65,5,5,5,5,3,3,3,3,3,0,3,3,3,3,3,3,3,3,3,0,3,0,0,0,0,0,0,0,0,0,0,0,0,0,0
tlundfel,2012-11-06 12:22:18.0,1352222538000,65,5,5,5,5,0,0,3,3,3,3,3,3,3,3,3,3,3,3,3,3,0,3,0,0,0,0,0,0,0,0,0,0,0,0,0
pmasigla,2012-11-06 13:16:53.0,1352225813000,54,5,5,5,0,0,0,3,3,3,3,3,3,3,3,3,3,3,3,3,0,0,0,0,0,0,0,0,0,0,0,0,0,0,0,0
kmm17,2012-11-06 13:34:26.0,1352226866000,88,5,5,5,5,3,3,3,3,3,3,3,3,3,3,0,0,0,3,3,3,0,3,2,2,2,2,2,2,2,2,2,2,2,2,2
jgruen32,2012-11-06 13:41:54.0,1352227314000,91,5,5,5,5,0,0,3,3,3,3,3,3,3,3,3,3,3,3,3,3,3,0,2,2,2,2,2,2,2,2,2,2,2,2,2
nkarroum,2012-11-06 14:01:59.0,1352228519000,57,5,5,5,0,0,0,3,3,3,3,3,3,3,3,3,3,3,3,3,3,0,0,0,0,0,0,0,0,0,0,0,0,0,0,0
dmichael,2012-11-06 14:11:43.0,1352229103000,24,0,0,0,0,3,3,3,0,3,3,3,0,3,3,0,0,0,0,0,0,0,0,0,0,0,0,0,0,0,0,0,0,0,0,0
tirish,2012-11-06 14:13:16.0,1352229196000,68,5,5,5,0,3,3,3,3,3,3,3,3,3,3,3,3,3,3,3,3,3,0,2,0,0,0,0,0,0,0,0,0,0,0,0
cmsnyder,2012-11-06 14:31:11.0,1352230271000,34,5,5,0,0,0,0,3,3,3,3,3,3,3,3,0,0,0,0,0,0,0,0,0,0,0,0,0,0,0,0,0,0,0,0,0
nwilcox,2012-11-06 14:34:24.0,1352230464000,59,5,5,5,5,0,0,3,3,3,3,3,3,3,3,0,0,0,3,3,3,3,3,0,0,0,0,0,0,0,0,0,0,0,0,0
nwilcox,2012-11-06 14:35:49.0,1352230549000,59,5,5,5,5,0,0,3,3,3,3,3,3,3,3,0,0,0,3,3,3,3,3,0,0,0,0,0,0,0,0,0,0,0,0,0
nkarroum,2012-11-06 14:44:26.0,1352231066000,62,5,5,5,5,0,0,3,3,3,3,3,3,3,3,3,3,3,3,3,3,0,0,0,0,0,0,0,0,0,0,0,0,0,0,0
dmichael,2012-11-06 14:50:36.0,1352231436000,32,5,0,0,0,3,3,3,3,3,3,3,0,3,3,0,0,0,0,0,0,0,0,0,0,0,0,0,0,0,0,0,0,0,0,0
jafranck,2012-11-06 15:04:33.0,1352232273000,100,5,5,5,5,3,3,3,3,3,3,3,3,3,3,3,3,3,3,3,3,3,3,2,2,2,2,2,2,2,2,2,2,2,2,2
dmichael,2012-11-06 15:05:45.0,1352232345000,23,5,0,0,0,3,3,3,3,3,3,0,0,0,0,0,0,0,0,0,0,0,0,0,0,0,0,0,0,0,0,0,0,0,0,0
dmichael,2012-11-06 15:08:16.0,1352232496000,32,5,0,0,0,3,3,3,3,3,3,3,0,3,3,0,0,0,0,0,0,0,0,0,0,0,0,0,0,0,0,0,0,0,0,0
dmichael,2012-11-06 15:12:48.0,1352232768000,23,5,0,0,0,3,3,3,3,3,3,0,0,0,0,0,0,0,0,0,0,0,0,0,0,0,0,0,0,0,0,0,0,0,0,0
dmichael,2012-11-06 15:19:18.0,1352233158000,23,5,0,0,0,3,3,3,3,3,3,0,0,0,0,0,0,0,0,0,0,0,0,0,0,0,0,0,0,0,0,0,0,0,0,0
pvaughn,2012-11-06 15:22:54.0,1352233374000,49,0,5,5,0,3,3,3,0,0,3,3,3,3,3,3,3,3,3,3,0,0,0,0,0,0,0,0,0,0,0,0,0,0,0,0
rsamel,2012-11-06 15:28:04.0,1352233684000,83,5,5,5,5,3,0,3,3,3,3,3,3,3,3,3,0,3,3,3,3,3,0,0,2,2,2,0,2,2,2,2,2,0,2,0
wwarshaw,2012-11-06 15:30:49.0,1352233849000,65,5,5,5,5,3,3,3,3,3,3,3,3,3,3,3,3,3,0,0,0,3,3,0,0,0,0,0,0,0,0,0,0,0,0,0
pvaughn,2012-11-06 15:31:08.0,1352233868000,60,5,5,5,0,3,3,3,3,3,3,3,3,3,3,3,3,3,3,3,0,0,0,0,0,0,0,0,0,0,0,0,0,0,0,0
jkrynits,2012-11-06 15:33:32.0,1352234012000,45,5,5,0,5,3,3,3,3,3,3,0,3,3,3,0,0,0,0,0,0,0,3,0,0,0,0,0,0,0,0,0,0,0,0,0
crobins,2012-11-06 15:44:03.0,1352234643000,97,5,5,5,5,3,3,3,3,3,3,3,3,3,3,3,3,3,3,3,0,3,3,2,2,2,2,2,2,2,2,2,2,2,2,2
dmichael,2012-11-06 15:52:39.0,1352235159000,40,5,5,0,0,3,3,3,3,3,3,3,3,3,3,0,0,0,0,0,0,0,0,0,0,0,0,0,0,0,0,0,0,0,0,0
jmpenny,2012-11-06 15:55:49.0,1352235349000,45,5,5,0,5,3,3,3,3,3,3,3,3,3,3,0,0,0,0,0,0,0,0,0,0,0,0,0,0,0,0,0,0,0,0,0
pphlek,2012-11-06 15:56:12.0,1352235372000,92,5,0,5,5,3,3,3,3,3,3,3,3,3,3,3,0,3,3,3,3,3,3,2,2,2,2,2,2,2,2,2,2,2,2,2
gkempeni,2012-11-06 15:58:11.0,1352235491000,59,5,5,5,5,0,0,3,3,3,0,3,3,3,3,3,3,3,3,3,3,0,0,0,0,0,0,0,0,0,0,0,0,0,0,0
wwarshaw,2012-11-06 15:59:47.0,1352235587000,91,5,5,5,5,3,3,3,3,3,3,3,3,3,3,3,3,3,0,0,0,3,3,2,2,2,2,2,2,2,2,2,2,2,2,2
jmpenny,2012-11-06 16:04:22.0,1352235862000,74,5,5,5,5,3,3,3,3,3,3,3,3,3,3,3,3,3,3,3,3,3,3,0,0,0,0,0,0,0,0,0,0,0,0,0
aridgway,2012-11-06 16:06:56.0,1352236016000,95,5,5,5,5,3,3,3,3,3,3,3,3,3,3,3,3,3,3,3,0,3,3,0,2,2,2,2,2,2,2,2,2,2,2,2
dmichael,2012-11-06 16:07:11.0,1352236031000,43,5,5,0,0,3,3,3,3,3,3,3,3,3,3,0,0,0,0,0,0,0,3,0,0,0,0,0,0,0,0,0,0,0,0,0
pphlek,2012-11-06 16:07:23.0,1352236043000,97,5,5,5,5,3,3,3,3,3,3,3,3,3,3,3,0,3,3,3,3,3,3,2,2,2,2,2,2,2,2,2,2,2,2,2
sanfin,2012-11-06 16:09:12.0,1352236152000,97,5,5,5,5,3,3,3,3,3,3,3,3,3,3,3,3,3,3,3,3,0,3,2,2,2,2,2,2,2,2,2,2,2,2,2
aridgway,2012-11-06 16:09:33.0,1352236173000,97,5,5,5,5,3,3,3,3,3,3,3,3,3,3,3,3,3,3,3,0,3,3,2,2,2,2,2,2,2,2,2,2,2,2,2
aridgway,2012-11-06 16:19:30.0,1352236770000,97,5,5,5,5,3,3,3,3,3,3,3,3,3,3,3,3,3,3,3,0,3,3,2,2,2,2,2,2,2,2,2,2,2,2,2
evanwang,2012-11-06 16:32:17.0,1352237537000,100,5,5,5,5,3,3,3,3,3,3,3,3,3,3,3,3,3,3,3,3,3,3,2,2,2,2,2,2,2,2,2,2,2,2,2
arjun1,2012-11-06 16:34:49.0,1352237689000,59,5,5,5,5,3,3,3,3,3,3,3,3,3,3,0,0,0,0,0,0,0,3,0,0,0,0,2,0,2,0,0,0,2,0,0
alally,2012-11-06 16:37:24.0,1352237844000,82,5,5,5,5,3,3,3,3,3,3,3,3,3,3,0,0,0,3,0,0,0,3,2,2,2,2,2,2,2,2,2,2,2,2,2
dmichael,2012-11-06 16:44:28.0,1352238268000,53,5,5,5,5,3,3,3,3,3,3,3,3,3,3,0,0,0,0,0,0,0,3,0,0,0,0,0,0,0,0,0,0,0,0,0
kklein23,2012-11-06 16:48:05.0,1352238485000,85,5,5,5,5,3,3,3,3,3,3,3,3,3,3,0,0,0,3,3,3,0,0,2,2,2,2,2,2,2,2,2,2,2,2,2
jmpenny,2012-11-06 16:49:28.0,1352238568000,31,0,0,5,5,0,0,0,0,0,0,0,0,0,0,3,3,3,3,3,3,3,0,0,0,0,0,0,0,0,0,0,0,0,0,0
dcabrer1,2012-11-06 16:51:49.0,1352238709000,57,0,0,5,5,0,0,0,0,0,0,0,0,0,0,3,3,3,3,3,3,3,0,2,2,2,2,2,2,2,2,2,2,2,2,2
jmpenny,2012-11-06 16:52:48.0,1352238768000,74,5,5,5,5,3,3,3,3,3,3,3,3,3,3,3,3,3,3,3,3,3,3,0,0,0,0,0,0,0,0,0,0,0,0,0
atran124,2012-11-06 16:53:16.0,1352238796000,71,5,5,5,5,3,3,3,3,3,3,3,3,3,3,3,3,3,3,3,3,3,0,0,0,0,0,0,0,0,0,0,0,0,0,0
alally,2012-11-06 16:53:48.0,1352238828000,82,5,5,5,5,3,3,3,3,3,3,3,3,3,3,0,0,0,3,0,0,0,3,2,2,2,2,2,2,2,2,2,2,2,2,2
jkrynits,2012-11-06 16:54:28.0,1352238868000,62,5,5,5,5,3,3,3,3,3,3,0,3,3,3,3,3,3,0,3,0,0,3,0,0,0,0,0,0,0,0,0,0,0,0,0
gkempeni,2012-11-06 17:02:06.0,1352239326000,59,5,5,5,5,0,0,3,3,3,0,3,3,3,3,3,3,3,3,3,3,0,0,0,0,0,0,0,0,0,0,0,0,0,0,0
dcabrer1,2012-11-06 17:02:40.0,1352239360000,100,5,5,5,5,3,3,3,3,3,3,3,3,3,3,3,3,3,3,3,3,3,3,2,2,2,2,2,2,2,2,2,2,2,2,2
dcabrer1,2012-11-06 17:03:00.0,1352239380000,100,5,5,5,5,3,3,3,3,3,3,3,3,3,3,3,3,3,3,3,3,3,3,2,2,2,2,2,2,2,2,2,2,2,2,2
dcabrer1,2012-11-06 17:05:02.0,1352239502000,100,5,5,5,5,3,3,3,3,3,3,3,3,3,3,3,3,3,3,3,3,3,3,2,2,2,2,2,2,2,2,2,2,2,2,2
fchen12,2012-11-06 17:05:10.0,1352239510000,72,5,5,5,5,3,3,3,3,3,3,3,3,3,3,3,3,3,3,3,3,0,0,0,2,0,0,0,0,2,0,0,0,0,0,0
sberger,2012-11-06 17:10:29.0,1352239829000,86,5,5,5,5,3,3,3,3,3,3,3,3,3,3,3,3,3,3,3,3,3,3,2,0,0,2,0,2,2,0,2,2,0,0,0
dweitz27,2012-11-06 17:13:08.0,1352239988000,66,5,5,5,0,3,3,3,3,3,3,3,3,3,3,3,3,3,3,3,3,0,3,0,0,0,0,0,0,0,0,0,0,0,0,0
kmadura,2012-11-06 17:13:45.0,1352240025000,60,0,5,5,5,0,0,3,3,3,3,3,3,3,3,3,3,3,3,3,3,3,0,0,0,0,0,0,0,0,0,0,0,0,0,0
pvaughn,2012-11-06 17:15:52.0,1352240152000,60,5,5,5,0,3,3,3,3,3,3,3,3,3,3,3,3,3,3,3,0,0,0,0,0,0,0,0,0,0,0,0,0,0,0,0
pvaughn,2012-11-06 17:18:36.0,1352240316000,65,5,5,5,5,3,3,3,3,3,3,3,3,3,3,3,3,3,3,3,0,0,0,0,0,0,0,0,0,0,0,0,0,0,0,0
dweitz27,2012-11-06 17:19:06.0,1352240346000,97,5,5,5,5,3,3,3,3,3,3,3,3,3,3,3,3,3,3,3,3,0,3,2,2,2,2,2,2,2,2,2,2,2,2,2
bshumate,2012-11-06 17:24:02.0,1352240642000,100,5,5,5,5,3,3,3,3,3,3,3,3,3,3,3,3,3,3,3,3,3,3,2,2,2,2,2,2,2,2,2,2,2,2,2
alally,2012-11-06 17:24:35.0,1352240675000,82,5,5,5,5,3,3,3,3,3,3,3,3,3,3,0,0,0,3,0,0,0,3,2,2,2,2,2,2,2,2,2,2,2,2,2
sal1992,2012-11-06 17:29:21.0,1352240961000,23,5,0,0,0,0,0,3,3,3,0,3,0,3,3,0,0,0,0,0,0,0,0,0,0,0,0,0,0,0,0,0,0,0,0,0
mdjackso,2012-11-06 17:30:42.0,1352241042000,85,5,5,5,5,0,0,3,3,3,3,3,3,3,3,0,3,3,3,0,3,0,3,2,2,2,2,2,2,2,2,2,2,2,2,2
icarter,2012-11-06 17:32:00.0,1352241120000,100,5,5,5,5,3,3,3,3,3,3,3,3,3,3,3,3,3,3,3,3,3,3,2,2,2,2,2,2,2,2,2,2,2,2,2
mmille,2012-11-06 17:32:24.0,1352241144000,97,5,5,5,5,3,3,3,3,3,3,3,3,3,3,3,3,3,3,3,3,0,3,2,2,2,2,2,2,2,2,2,2,2,2,2
pvaughn,2012-11-06 17:32:41.0,1352241161000,65,5,5,5,5,3,3,3,3,3,3,3,3,3,3,3,3,3,3,3,0,0,0,0,0,0,0,0,0,0,0,0,0,0,0,0
kklein23,2012-11-06 17:33:33.0,1352241213000,94,5,5,5,5,3,3,3,3,3,3,3,3,3,3,3,3,3,3,3,3,0,0,2,2,2,2,2,2,2,2,2,2,2,2,2
yoei,2012-11-06 17:36:40.0,1352241400000,88,5,5,5,5,0,0,3,3,3,3,3,3,3,3,0,0,3,3,3,3,3,3,2,2,2,2,2,2,2,2,2,2,2,2,2
mdjackso,2012-11-06 17:36:44.0,1352241404000,85,5,5,5,5,0,0,3,3,3,3,3,3,3,3,0,3,3,3,0,3,0,3,2,2,2,2,2,2,2,2,2,2,2,2,2
gkrummel,2012-11-06 17:38:05.0,1352241485000,62,5,5,5,5,3,3,3,3,3,3,3,3,3,3,0,0,0,3,0,3,3,3,0,0,0,0,0,0,0,0,0,0,0,0,0
arjun1,2012-11-06 17:40:05.0,1352241605000,59,5,5,5,5,3,3,3,3,3,3,3,3,3,3,0,0,0,0,0,0,0,3,0,0,0,0,2,0,2,0,0,0,2,0,0
ahuang14,2012-11-06 17:41:00.0,1352241660000,100,5,5,5,5,3,3,3,3,3,3,3,3,3,3,3,3,3,3,3,3,3,3,2,2,2,2,2,2,2,2,2,2,2,2,2
arjun1,2012-11-06 17:41:53.0,1352241713000,59,5,5,5,5,3,3,3,3,3,3,3,3,3,3,0,0,0,0,0,0,0,3,0,0,0,0,2,0,2,0,0,0,2,0,0
khaile,2012-11-06 17:42:24.0,1352241744000,32,5,0,0,0,3,3,3,3,3,3,3,0,3,3,0,0,0,0,0,0,0,0,0,0,0,0,0,0,0,0,0,0,0,0,0
kmadura,2012-11-06 17:43:53.0,1352241833000,31,0,0,5,5,0,0,0,0,0,0,0,0,0,0,3,3,3,3,3,3,3,0,0,0,0,0,0,0,0,0,0,0,0,0,0
ahafez,2012-11-06 17:45:45.0,1352241945000,57,0,0,5,5,0,0,0,0,0,0,0,0,0,0,3,3,3,3,3,3,3,0,2,2,2,2,2,2,2,2,2,2,2,2,2
viyen,2012-11-06 17:47:56.0,1352242076000,88,5,5,5,5,3,3,3,3,3,3,3,3,3,3,3,3,3,3,3,3,3,3,2,2,0,2,0,2,2,0,0,2,2,0,0
amalik12,2012-11-06 17:52:17.0,1352242337000,94,5,5,5,5,3,3,3,3,3,3,3,3,3,3,3,0,3,3,3,3,0,3,2,2,2,2,2,2,2,2,2,2,2,2,2
azsheikh,2012-11-06 17:53:47.0,1352242427000,100,5,5,5,5,3,3,3,3,3,3,3,3,3,3,3,3,3,3,3,3,3,3,2,2,2,2,2,2,2,2,2,2,2,2,2
relh,2012-11-06 17:55:57.0,1352242557000,100,5,5,5,5,3,3,3,3,3,3,3,3,3,3,3,3,3,3,3,3,3,3,2,2,2,2,2,2,2,2,2,2,2,2,2
ahafez,2012-11-06 17:56:35.0,1352242595000,91,5,5,5,5,0,0,3,3,3,3,3,3,3,3,3,3,3,3,3,3,3,0,2,2,2,2,2,2,2,2,2,2,2,2,2
amascone,2012-11-06 17:57:51.0,1352242671000,57,5,5,0,5,3,3,3,3,3,3,3,3,3,3,0,0,0,3,3,3,3,0,0,0,0,0,0,0,0,0,0,0,0,0,0
mlui12,2012-11-06 17:59:10.0,1352242750000,5,0,0,0,5,0,0,0,0,0,0,0,0,0,0,0,0,0,0,0,0,0,0,0,0,0,0,0,0,0,0,0,0,0,0,0
amascone,2012-11-06 18:01:31.0,1352242891000,50,5,5,5,5,3,3,3,3,3,3,3,3,3,3,0,0,0,0,0,0,0,0,0,0,0,0,0,0,0,0,0,0,0,0,0
bneumaie,2012-11-06 18:04:15.0,1352243055000,97,5,5,5,5,3,3,3,3,3,3,3,3,3,3,3,3,3,3,3,3,0,3,2,2,2,2,2,2,2,2,2,2,2,2,2
mlui12,2012-11-06 18:04:27.0,1352243067000,57,0,5,5,5,3,3,3,3,3,3,3,3,3,3,0,0,0,3,3,3,3,0,0,0,0,0,0,0,0,0,0,0,0,0,0
skhan126,2012-11-06 18:06:25.0,1352243185000,74,5,5,5,5,3,3,3,3,3,3,3,3,3,3,3,3,3,3,3,3,3,3,0,0,0,0,0,0,0,0,0,0,0,0,0
kmadura,2012-11-06 18:07:00.0,1352243220000,43,0,0,5,5,0,0,3,3,3,3,0,0,0,0,3,3,3,3,3,3,3,0,0,0,0,0,0,0,0,0,0,0,0,0,0
kmadura,2012-11-06 18:08:26.0,1352243306000,65,5,5,5,5,0,0,3,3,3,3,3,3,3,3,3,3,3,3,3,3,3,0,0,0,0,0,0,0,0,0,0,0,0,0,0
shaworth,2012-11-06 18:10:32.0,1352243432000,97,5,5,5,5,3,3,3,3,3,3,3,3,3,3,3,3,3,3,3,3,0,3,2,2,2,2,2,2,2,2,2,2,2,2,2
Rohit507,2012-11-06 18:12:02.0,1352243522000,79,5,5,5,5,0,0,3,3,3,3,3,3,3,3,0,0,0,3,3,3,0,0,2,2,2,2,2,2,2,2,2,2,2,2,2
tlutz,2012-11-06 18:17:23.0,1352243843000,94,5,5,5,5,3,3,3,3,3,3,3,3,3,3,3,0,3,3,3,0,3,3,2,2,2,2,2,2,2,2,2,2,2,2,2
mlui12,2012-11-06 18:18:41.0,1352243921000,65,5,5,5,5,3,3,3,3,3,3,3,3,3,3,0,0,0,3,3,3,3,3,0,0,0,0,0,0,0,0,0,0,0,0,0
dquispe,2012-11-06 18:19:09.0,1352243949000,0,0,0,0,0,0,0,0,0,0,0,0,0,0,0,0,0,0,0,0,0,0,0,0,0,0,0,0,0,0,0,0,0,0,0,0
gagankt,2012-11-06 18:20:47.0,1352244047000,35,0,5,0,0,3,3,3,3,3,3,3,3,3,3,0,0,0,0,0,0,0,0,0,0,0,0,0,0,0,0,0,0,0,0,0
ytliang,2012-11-06 18:22:35.0,1352244155000,0,0,0,0,0,0,0,0,0,0,0,0,0,0,0,0,0,0,0,0,0,0,0,0,0,0,0,0,0,0,0,0,0,0,0,0
arjun1,2012-11-06 18:22:55.0,1352244175000,79,5,5,5,5,3,3,3,3,3,3,3,3,3,3,0,0,0,0,0,0,0,3,2,2,2,2,2,2,2,2,2,2,2,2,2
tirish,2012-11-06 18:25:05.0,1352244305000,97,5,5,5,5,3,3,3,3,3,3,3,3,3,3,3,3,3,3,3,3,3,0,2,2,2,2,2,2,2,2,2,2,2,2,2
yoei,2012-11-06 18:26:15.0,1352244375000,88,5,5,5,5,0,0,3,3,3,3,3,3,3,3,0,0,3,3,3,3,3,3,2,2,2,2,2,2,2,2,2,2,2,2,2
glittle,2012-11-06 18:27:49.0,1352244469000,88,5,5,5,5,3,3,3,3,3,3,3,3,3,3,0,0,0,0,3,3,3,3,2,2,2,2,2,2,2,2,2,2,2,2,2
ytliang,2012-11-06 18:27:52.0,1352244472000,29,5,0,0,0,3,3,3,3,3,3,3,3,0,0,0,0,0,0,0,0,0,0,0,0,0,0,0,0,0,0,0,0,0,0,0
camccrea,2012-11-06 18:28:28.0,1352244508000,31,0,0,5,5,0,0,0,0,0,0,0,0,0,0,3,3,3,3,3,3,3,0,0,0,0,0,0,0,0,0,0,0,0,0,0
relh,2012-11-06 18:29:49.0,1352244589000,100,5,5,5,5,3,3,3,3,3,3,3,3,3,3,3,3,3,3,3,3,3,3,2,2,2,2,2,2,2,2,2,2,2,2,2
jsearles,2012-11-06 18:31:10.0,1352244670000,61,0,5,5,0,3,3,3,3,0,3,3,3,3,3,3,3,3,3,3,3,3,3,0,0,0,0,0,0,0,0,0,0,0,0,0
camccrea,2012-11-06 18:31:45.0,1352244705000,74,5,5,5,5,3,3,3,3,3,3,3,3,3,3,3,3,3,3,3,3,3,3,0,0,0,0,0,0,0,0,0,0,0,0,0
krutkows,2012-11-06 18:31:59.0,1352244719000,73,5,5,5,0,3,3,3,3,3,3,3,3,3,3,3,3,3,3,3,3,3,3,0,0,0,0,0,0,2,0,2,0,0,0,0
wchen12,2012-11-06 18:34:59.0,1352244899000,91,5,5,5,5,3,3,3,3,3,3,3,3,3,3,3,0,3,3,0,3,0,3,2,2,2,2,2,2,2,2,2,2,2,2,2
fchen12,2012-11-06 18:41:01.0,1352245261000,90,5,5,5,5,3,3,3,3,3,3,3,3,3,3,3,3,3,3,3,3,0,0,2,2,2,2,2,2,2,2,2,2,0,0,2
jsearles,2012-11-06 18:41:46.0,1352245306000,66,5,5,5,0,3,3,3,3,0,3,3,3,3,3,3,3,3,3,3,3,3,3,0,0,0,0,0,0,0,0,0,0,0,0,0
rsamel,2012-11-06 18:45:16.0,1352245516000,86,5,5,5,5,3,0,3,3,3,3,3,3,3,3,3,0,3,3,3,3,3,3,0,2,2,2,0,2,2,2,2,2,0,2,0
amascone,2012-11-06 18:49:53.0,1352245793000,71,5,5,5,5,3,3,3,3,3,3,3,3,3,3,3,3,3,3,3,3,3,0,0,0,0,0,0,0,0,0,0,0,0,0,0
ccentofo,2012-11-06 18:54:25.0,1352246065000,65,5,5,5,5,3,3,3,3,3,3,3,3,3,3,3,0,0,3,3,3,3,0,0,0,0,0,0,0,0,0,0,0,0,0,0
pcho,2012-11-06 18:57:20.0,1352246240000,0,0,0,0
ccentofo,2012-11-06 19:04:26.0,1352246666000,65,5,5,5,5,3,3,3,3,3,3,3,3,3,3,3,0,0,3,3,3,3,0,0,0,0,0,0,0,0,0,0,0,0,0,0
pcho,2012-11-06 19:04:49.0,1352246689000,71,5,5,5,5,3,3,3,3,3,3,3,3,3,3,3,3,3,3,3,0,3,3,0,0,0,0,0,0,0,0,0,0,0,0,0
rswann,2012-11-06 19:08:58.0,1352246938000,91,5,5,5,5,0,0,3,3,3,3,3,3,3,3,3,3,3,3,3,0,3,3,2,2,2,2,2,2,2,2,2,2,2,2,2
dfarias,2012-11-06 19:11:12.0,1352247072000,97,5,5,5,5,3,3,3,3,3,3,3,3,3,3,3,3,3,3,3,3,0,3,2,2,2,2,2,2,2,2,2,2,2,2,2
raja,2012-11-06 19:11:56.0,1352247116000,100,5,5,5,5,3,3,3,3,3,3,3,3,3,3,3,3,3,3,3,3,3,3,2,2,2,2,2,2,2,2,2,2,2,2,2
jbuchbin,2012-11-06 19:18:46.0,1352247526000,97,5,5,5,5,3,3,3,3,3,3,3,3,3,3,3,3,3,3,3,3,0,3,2,2,2,2,2,2,2,2,2,2,2,2,2
shuber12,2012-11-06 19:21:46.0,1352247706000,44,5,5,5,5,0,0,3,3,3,3,3,3,3,3,0,0,0,0,0,0,0,0,0,0,0,0,0,0,0,0,0,0,0,0,0
pphlek,2012-11-06 19:21:52.0,1352247712000,100,5,5,5,5,3,3,3,3,3,3,3,3,3,3,3,3,3,3,3,3,3,3,2,2,2,2,2,2,2,2,2,2,2,2,2
aduvall,2012-11-06 19:24:30.0,1352247870000,6,0,0,0,0,0,0,0,3,0,3,0,0,0,0,0,0,0,0,0,0,0,0,0,0,0,0,0,0,0,0,0,0,0,0,0
jlotkows,2012-11-06 19:26:01.0,1352247961000,100,5,5,5,5,3,3,3,3,3,3,3,3,3,3,3,3,3,3,3,3,3,3,2,2,2,2,2,2,2,2,2,2,2,2,2
mwollman,2012-11-06 19:27:02.0,1352248022000,88,5,5,5,5,0,0,3,3,3,3,3,3,3,3,3,3,3,3,3,3,0,0,2,2,2,2,2,2,2,2,2,2,2,2,2
parakh,2012-11-06 19:28:32.0,1352248112000,94,5,5,5,5,3,3,3,3,3,3,3,3,3,3,3,0,0,3,3,3,3,3,2,2,2,2,2,2,2,2,2,2,2,2,2
jkrynits,2012-11-06 19:30:40.0,1352248240000,94,5,5,5,5,3,3,3,3,3,3,0,3,3,3,3,3,3,3,3,3,0,3,2,2,2,2,2,2,2,2,2,2,2,2,2
jdklein,2012-11-06 19:32:15.0,1352248335000,86,5,5,5,5,3,3,3,3,3,3,3,3,3,3,3,3,3,3,3,3,3,3,0,2,0,2,0,2,2,0,0,2,2,0,0
takako,2012-11-06 19:33:33.0,1352248413000,100,5,5,5,5,3,3,3,3,3,3,3,3,3,3,3,3,3,3,3,3,3,3,2,2,2,2,2,2,2,2,2,2,2,2,2
dquispe,2012-11-06 19:35:54.0,1352248554000,0,0,0,0,0,0,0,0,0,0,0,0,0,0,0,0,0,0,0,0,0,0,0,0,0,0,0,0,0,0,0,0,0,0,0,0
fchen12,2012-11-06 19:36:57.0,1352248617000,93,5,5,5,5,3,3,3,3,3,3,3,3,3,3,3,3,3,3,3,3,0,3,2,2,2,2,2,2,2,2,2,2,0,0,2
tlundfel,2012-11-06 19:37:40.0,1352248660000,28,0,0,5,5,0,0,0,0,0,0,0,0,0,0,3,3,3,3,3,3,0,0,0,0,0,0,0,0,0,0,0,0,0,0,0
awu300,2012-11-06 19:38:43.0,1352248723000,62,5,5,5,5,0,0,3,3,3,3,3,3,3,3,3,3,3,3,3,3,0,0,0,0,0,0,0,0,0,0,0,0,0,0,0
rafletch,2012-11-06 19:39:30.0,1352248770000,97,5,5,5,5,3,3,3,3,3,3,3,3,3,3,3,3,3,3,3,3,0,3,2,2,2,2,2,2,2,2,2,2,2,2,2
tlundfel,2012-11-06 19:40:17.0,1352248817000,28,0,0,5,5,0,0,0,0,0,0,0,0,0,0,3,3,3,3,3,3,0,0,0,0,0,0,0,0,0,0,0,0,0,0,0
dquispe,2012-11-06 19:41:41.0,1352248901000,0,0,0,0,0,0,0,0,0,0,0,0,0,0,0,0,0,0,0,0,0,0,0,0,0,0,0,0,0,0,0,0,0,0,0,0
jchen92,2012-11-06 19:42:15.0,1352248935000,68,5,5,5,5,3,3,3,3,3,3,3,3,3,3,3,0,3,3,3,3,0,3,0,0,0,0,0,0,0,0,0,0,0,0,0
pkonanur,2012-11-06 19:42:39.0,1352248959000,83,5,5,5,5,0,3,3,3,3,3,3,3,3,3,3,3,3,3,3,3,3,3,2,0,0,2,0,2,2,0,2,2,0,0,0
dquispe,2012-11-06 19:42:52.0,1352248972000,0,0,0,0,0,0,0,0,0,0,0,0,0,0,0,0,0,0,0,0,0,0,0,0,0,0,0,0,0,0,0,0,0,0,0,0
tlundfel,2012-11-06 19:42:55.0,1352248975000,71,5,5,5,5,3,3,3,3,3,3,3,3,3,3,3,3,3,3,3,3,0,3,0,0,0,0,0,0,0,0,0,0,0,0,0
Ooludemi,2012-11-06 19:47:29.0,1352249249000,60,5,5,5,0,0,0,3,3,3,3,3,3,3,3,3,3,3,3,3,0,3,3,0,0,0,0,0,0,0,0,0,0,0,0,0
pdunlop,2012-11-06 19:49:35.0,1352249375000,71,5,5,5,5,3,3,3,3,3,3,3,3,3,3,3,3,3,3,3,3,0,3,0,0,0,0,0,0,0,0,0,0,0,0,0
luehling,2012-11-06 19:52:06.0,1352249526000,51,5,5,5,0,3,3,3,3,3,3,3,3,3,3,0,0,0,3,0,0,0,3,0,0,0,0,0,0,0,0,0,0,0,0,0
pbloch,2012-11-06 19:52:46.0,1352249566000,65,5,5,5,5,0,0,3,3,3,3,3,3,3,3,3,3,3,3,0,3,3,3,0,0,0,0,0,0,0,0,0,0,0,0,0
sal1992,2012-11-06 19:52:51.0,1352249571000,28,5,5,0,0,0,0,3,3,3,0,3,0,3,3,0,0,0,0,0,0,0,0,0,0,0,0,0,0,0,0,0,0,0,0,0
ahuang14,2012-11-06 19:56:44.0,1352249804000,74,5,5,5,5,3,3,3,3,3,3,3,3,3,3,3,3,3,3,3,3,3,3,0,0,0,0,0,0,0,0,0,0,0,0,0
nwilcox,2012-11-06 19:59:35.0,1352249975000,91,5,5,5,5,0,0,3,3,3,3,3,3,3,3,0,3,3,3,3,3,3,3,2,2,2,2,2,2,2,2,2,2,2,2,2
jlotkows,2012-11-06 20:04:16.0,1352250256000,100,5,5,5,5,3,3,3,3,3,3,3,3,3,3,3,3,3,3,3,3,3,3,2,2,2,2,2,2,2,2,2,2,2,2,2
yoei,2012-11-06 20:04:31.0,1352250271000,88,5,5,5,5,0,0,3,3,3,3,3,3,3,3,0,0,3,3,3,3,3,3,2,2,2,2,2,2,2,2,2,2,2,2,2
tlundfel,2012-11-06 20:05:56.0,1352250356000,71,5,5,5,5,3,3,3,3,3,3,3,3,3,3,3,3,3,3,3,3,0,3,0,0,0,0,0,0,0,0,0,0,0,0,0
jyan7,2012-11-06 20:07:13.0,1352250433000,91,5,5,5,5,3,3,3,3,3,3,3,3,3,3,0,0,0,3,3,3,3,3,2,2,2,2,2,2,2,2,2,2,2,2,2
fchen12,2012-11-06 20:09:58.0,1352250598000,93,5,5,5,5,3,3,3,3,3,3,3,3,3,3,3,3,3,3,3,3,0,3,2,2,2,2,2,2,2,2,2,2,0,0,2
ssilberh,2012-11-06 20:16:39.0,1352250999000,61,0,0,5,5,3,3,3,3,3,3,3,0,3,3,3,3,3,3,3,3,3,3,0,0,0,0,0,0,0,0,0,0,0,0,0
wchen12,2012-11-06 20:20:29.0,1352251229000,91,5,5,5,5,3,3,3,3,3,3,3,3,3,3,3,0,3,3,0,3,0,3,2,2,2,2,2,2,2,2,2,2,2,2,2
luehling,2012-11-06 20:23:16.0,1352251396000,56,5,5,5,5,3,3,3,3,3,3,3,3,3,3,0,0,0,3,0,0,0,3,0,0,0,0,0,0,0,0,0,0,0,0,0
tlundfel,2012-11-06 20:24:04.0,1352251444000,71,5,5,5,5,3,3,3,3,3,3,3,3,3,3,3,3,3,3,3,3,0,3,0,0,0,0,0,0,0,0,0,0,0,0,0
krutkows,2012-11-06 20:26:08.0,1352251568000,74,5,5,5,5,3,3,3,3,3,3,3,3,3,3,3,3,3,3,3,3,3,3,0,0,0,0,0,0,0,0,0,0,0,0,0
mwollman,2012-11-06 20:30:50.0,1352251850000,88,5,5,5,5,0,0,3,3,3,3,3,3,3,3,3,3,3,3,3,3,0,0,2,2,2,2,2,2,2,2,2,2,2,2,2
yoei,2012-11-06 20:31:03.0,1352251863000,88,5,5,5,5,0,0,3,3,3,3,3,3,3,3,0,0,3,3,3,3,3,3,2,2,2,2,2,2,2,2,2,2,2,2,2
nleibolt,2012-11-06 20:32:31.0,1352251951000,62,5,5,5,5,0,0,3,3,3,3,3,3,3,3,3,3,3,3,3,3,0,0,0,0,0,0,0,0,0,0,0,0,0,0,0
sal1992,2012-11-06 20:34:45.0,1352252085000,31,5,5,0,0,0,0,3,3,3,3,3,0,3,3,0,0,0,0,0,0,0,0,0,0,0,0,0,0,0,0,0,0,0,0,0
ecrouch1,2012-11-06 20:35:11.0,1352252111000,68,5,5,5,5,3,3,3,3,3,0,3,3,3,3,3,3,3,3,3,3,0,3,0,0,0,0,0,0,0,0,0,0,0,0,0
mmille,2012-11-06 20:35:53.0,1352252153000,97,5,5,5,5,3,3,3,3,3,3,3,3,3,3,3,3,3,3,3,3,0,3,2,2,2,2,2,2,2,2,2,2,2,2,2
paulstep,2012-11-06 20:38:53.0,1352252333000,100,5,5,5,5,3,3,3,3,3,3,3,3,3,3,3,3,3,3,3,3,3,3,2,2,2,2,2,2,2,2,2,2,2,2,2
ytliang,2012-11-06 20:39:19.0,1352252359000,40,5,5,0,0,3,3,3,3,3,3,3,3,3,3,0,0,0,0,0,0,0,0,0,0,0,0,0,0,0,0,0,0,0,0,0
amascone,2012-11-06 20:40:22.0,1352252422000,66,5,5,5,0,3,3,3,3,3,3,3,3,3,3,3,3,3,3,3,3,3,0,0,0,0,0,0,0,0,0,0,0,0,0,0
lucataco,2012-11-06 20:41:33.0,1352252493000,44,5,5,5,5,0,0,3,3,3,3,3,3,3,3,0,0,0,0,0,0,0,0,0,0,0,0,0,0,0,0,0,0,0,0,0
pdunlop,2012-11-06 20:47:08.0,1352252828000,71,5,5,5,5,3,3,3,3,3,3,3,3,3,3,3,3,3,3,3,3,0,3,0,0,0,0,0,0,0,0,0,0,0,0,0
chadham7,2012-11-06 20:48:10.0,1352252890000,69,5,5,5,0,3,3,3,3,3,3,3,3,3,3,3,3,3,3,3,3,3,3,0,0,0,0,0,0,0,0,0,0,0,0,0
pliu416,2012-11-06 20:50:05.0,1352253005000,39,0,5,5,5,0,0,3,0,0,3,3,3,0,3,0,0,0,3,3,0,3,0,0,0,0,0,0,0,0,0,0,0,0,0,0
nickpoz,2012-11-06 20:50:09.0,1352253009000,69,5,5,5,0,3,3,3,3,3,3,3,3,3,3,3,3,3,3,3,3,3,3,0,0,0,0,0,0,0,0,0,0,0,0,0
paulstep,2012-11-06 20:51:10.0,1352253070000,100,5,5,5,5,3,3,3,3,3,3,3,3,3,3,3,3,3,3,3,3,3,3,2,2,2,2,2,2,2,2,2,2,2,2,2
jfjessup,2012-11-06 20:51:13.0,1352253073000,65,5,5,5,5,3,3,3,3,3,3,3,3,3,3,3,3,3,3,3,0,0,0,0,0,0,0,0,0,0,0,0,0,0,0,0
klee1211,2012-11-06 20:52:01.0,1352253121000,74,5,5,0,5,3,3,3,3,3,3,3,3,3,3,3,0,0,0,3,3,3,3,2,2,0,0,0,2,2,0,2,2,2,0,0
nickpoz,2012-11-06 20:54:43.0,1352253283000,74,5,5,5,5,3,3,3,3,3,3,3,3,3,3,3,3,3,3,3,3,3,3,0,0,0,0,0,0,0,0,0,0,0,0,0
aturpie,2012-11-06 20:54:49.0,1352253289000,29,0,5,0,0,3,3,3,3,0,0,3,3,3,3,0,0,0,0,0,0,0,0,0,0,0,0,0,0,0,0,0,0,0,0,0
jleo32,2012-11-06 20:55:13.0,1352253313000,54,5,5,5,5,0,0,3,3,3,3,3,3,3,3,0,0,0,3,0,0,3,0,0,2,0,0,0,0,2,0,0,0,0,0,0
kjames33,2012-11-06 20:55:52.0,1352253352000,11,0,0,5,0,0,0,0,0,0,0,0,0,0,0,0,0,0,3,3,0,0,0,0,0,0,0,0,0,0,0,0,0,0,0,0
pcho,2012-11-06 20:56:50.0,1352253410000,71,5,5,5,5,3,3,3,3,3,3,3,3,3,3,3,3,3,3,3,0,3,3,0,0,0,0,0,0,0,0,0,0,0,0,0
nkarroum,2012-11-06 20:56:57.0,1352253417000,65,5,5,5,5,0,0,3,3,3,3,3,3,3,3,3,3,3,3,3,3,0,3,0,0,0,0,0,0,0,0,0,0,0,0,0
pmasigla,2012-11-06 20:58:20.0,1352253500000,73,5,5,5,5,0,0,3,3,3,3,3,3,3,3,3,3,3,3,3,0,0,0,2,2,0,0,0,2,2,0,2,2,2,0,0
alally,2012-11-06 20:59:11.0,1352253551000,48,0,0,5,5,0,0,0,0,0,0,0,0,0,0,3,0,3,3,3,0,0,0,2,2,2,2,2,2,2,2,2,2,2,2,2
luehling,2012-11-06 20:59:17.0,1352253557000,56,5,5,5,5,3,3,3,3,3,3,3,3,3,3,0,0,0,3,0,0,0,3,0,0,0,0,0,0,0,0,0,0,0,0,0
kjames33,2012-11-06 21:00:05.0,1352253605000,48,5,5,5,0,0,0,3,3,3,3,3,3,3,3,0,0,0,3,3,0,0,3,0,0,0,0,0,0,0,0,0,0,0,0,0
rsamel,2012-11-06 21:01:47.0,1352253707000,94,5,5,5,5,3,0,3,3,3,3,3,3,3,3,3,0,3,3,3,3,3,3,2,2,2,2,2,2,2,2,2,2,2,2,2
pliu416,2012-11-06 21:07:57.0,1352254077000,39,0,5,5,5,0,0,3,0,0,3,3,3,0,3,0,0,0,3,3,0,3,0,0,0,0,0,0,0,0,0,0,0,0,0,0
amascone,2012-11-06 21:13:02.0,1352254382000,66,5,5,5,0,3,3,3,3,3,3,3,3,3,3,3,3,3,3,3,3,3,0,0,0,0,0,0,0,0,0,0,0,0,0,0
ccentofo,2012-11-06 21:13:09.0,1352254389000,79,5,5,5,5,3,3,3,3,3,3,3,3,3,3,3,0,0,3,3,3,3,0,2,2,0,0,0,2,2,0,2,2,2,0,0
alally,2012-11-06 21:13:25.0,1352254405000,91,5,5,5,5,3,3,3,3,3,3,3,3,3,3,3,0,3,3,3,0,0,3,2,2,2,2,2,2,2,2,2,2,2,2,2
pliu416,2012-11-06 21:13:29.0,1352254409000,50,5,5,5,5,0,0,3,3,3,3,3,3,0,3,0,0,0,3,3,0,3,0,0,0,0,0,0,0,0,0,0,0,0,0,0
amascone,2012-11-06 21:15:50.0,1352254550000,71,5,5,5,5,3,3,3,3,3,3,3,3,3,3,3,3,3,3,3,3,3,0,0,0,0,0,0,0,0,0,0,0,0,0,0
pkyaw,2012-11-06 21:17:01.0,1352254621000,65,5,5,5,5,0,0,3,3,3,3,3,3,3,3,3,3,3,3,3,0,3,3,0,0,0,0,0,0,0,0,0,0,0,0,0
amascone,2012-11-06 21:17:06.0,1352254626000,71,5,5,5,5,3,3,3,3,3,3,3,3,3,3,3,3,3,3,3,3,3,0,0,0,0,0,0,0,0,0,0,0,0,0,0
ahuang14,2012-11-06 21:17:09.0,1352254629000,100,5,5,5,5,3,3,3,3,3,3,3,3,3,3,3,3,3,3,3,3,3,3,2,2,2,2,2,2,2,2,2,2,2,2,2
jdi,2012-11-06 21:17:15.0,1352254635000,94,5,5,5,5,3,3,3,3,3,3,3,3,3,3,3,3,3,3,3,0,0,3,2,2,2,2,2,2,2,2,2,2,2,2,2
cmsnyder,2012-11-06 21:18:04.0,1352254684000,43,5,5,5,0,0,0,3,3,3,3,3,3,3,3,0,0,0,0,0,0,0,0,0,0,0,0,0,0,2,0,2,0,0,0,0
pliu416,2012-11-06 21:18:12.0,1352254692000,50,5,5,5,5,0,0,3,3,3,3,3,3,0,3,0,0,0,3,3,0,3,0,0,0,0,0,0,0,0,0,0,0,0,0,0
ahayhurs,2012-11-06 21:19:16.0,1352254756000,40,5,5,0,0,3,3,3,3,3,3,3,3,3,3,0,0,0,0,0,0,0,0,0,0,0,0,0,0,0,0,0,0,0,0,0
jfjessup,2012-11-06 21:21:29.0,1352254889000,65,5,5,5,5,3,3,3,3,3,3,3,3,3,3,3,3,3,3,3,0,0,0,0,0,0,0,0,0,0,0,0,0,0,0,0
klee1211,2012-11-06 21:21:32.0,1352254892000,91,5,5,5,5,3,3,3,3,3,3,3,3,3,3,3,0,0,0,3,3,3,3,2,2,2,2,2,2,2,2,2,2,2,2,2
bwhitehe,2012-11-06 21:22:30.0,1352254950000,45,5,5,5,0,0,0,3,3,3,3,3,3,3,3,0,0,0,3,0,3,0,0,0,0,0,0,0,0,0,0,0,0,0,0,0
rle1,2012-11-06 21:23:33.0,1352255013000,74,5,5,5,5,3,3,3,3,3,3,3,3,3,3,3,3,3,3,3,3,3,3,0,0,0,0,0,0,0,0,0,0,0,0,0
pbloch,2012-11-06 21:23:38.0,1352255018000,60,5,5,5,0,0,0,3,3,3,3,3,3,3,3,3,3,3,3,0,3,3,3,0,0,0,0,0,0,0,0,0,0,0,0,0
pbloch,2012-11-06 21:24:53.0,1352255093000,60,5,5,5,0,0,0,3,3,3,3,3,3,3,3,3,3,3,3,0,3,3,3,0,0,0,0,0,0,0,0,0,0,0,0,0
pbloch,2012-11-06 21:25:43.0,1352255143000,65,5,5,5,5,0,0,3,3,3,3,3,3,3,3,3,3,3,3,0,3,3,3,0,0,0,0,0,0,0,0,0,0,0,0,0
oahsan,2012-11-06 21:26:48.0,1352255208000,100,5,5,5,5,3,3,3,3,3,3,3,3,3,3,3,3,3,3,3,3,3,3,2,2,2,2,2,2,2,2,2,2,2,2,2
nleibolt,2012-11-06 21:27:25.0,1352255245000,68,5,5,5,5,3,3,3,3,3,3,3,3,3,3,3,3,3,3,3,3,0,0,0,0,0,0,0,0,0,0,0,0,0,0,0
Ooludemi,2012-11-06 21:28:12.0,1352255292000,65,5,5,5,5,0,0,3,3,3,3,3,3,3,3,3,3,3,3,3,0,3,3,0,0,0,0,0,0,0,0,0,0,0,0,0
nickpoz,2012-11-06 21:29:35.0,1352255375000,100,5,5,5,5,3,3,3,3,3,3,3,3,3,3,3,3,3,3,3,3,3,3,2,2,2,2,2,2,2,2,2,2,2,2,2
rle1,2012-11-06 21:29:43.0,1352255383000,100,5,5,5,5,3,3,3,3,3,3,3,3,3,3,3,3,3,3,3,3,3,3,2,2,2,2,2,2,2,2,2,2,2,2,2
Ooludemi,2012-11-06 21:31:25.0,1352255485000,65,5,5,5,5,0,0,3,3,3,3,3,3,3,3,3,3,3,3,3,0,3,3,0,0,0,0,0,0,0,0,0,0,0,0,0
pmasigla,2012-11-06 21:31:49.0,1352255509000,31,0,0,0,5,0,0,0,0,0,0,0,0,0,0,3,3,3,0,3,0,0,0,2,2,0,0,0,2,2,0,2,2,2,0,0
ccentofo,2012-11-06 21:32:47.0,1352255567000,79,5,5,5,5,3,3,3,3,3,3,3,3,3,3,3,0,0,3,3,3,3,0,2,2,0,0,0,2,2,0,2,2,2,0,0
adilosa,2012-11-06 21:33:17.0,1352255597000,48,5,5,5,0,0,0,3,3,3,3,3,3,3,3,0,0,3,3,0,3,0,0,0,0,0,0,0,0,0,0,0,0,0,0,0
jdi,2012-11-06 21:33:32.0,1352255612000,94,5,5,5,5,3,3,3,3,3,3,3,3,3,3,3,3,3,3,3,0,0,3,2,2,2,2,2,2,2,2,2,2,2,2,2
thomasw,2012-11-06 21:35:06.0,1352255706000,23,0,0,5,0,0,0,0,0,0,0,0,0,0,0,3,3,3,3,3,0,3,0,0,0,0,0,0,0,0,0,0,0,0,0,0
camccrea,2012-11-06 21:36:05.0,1352255765000,100,5,5,5,5,3,3,3,3,3,3,3,3,3,3,3,3,3,3,3,3,3,3,2,2,2,2,2,2,2,2,2,2,2,2,2
Ooludemi,2012-11-06 21:37:04.0,1352255824000,91,5,5,5,5,0,0,3,3,3,3,3,3,3,3,3,3,3,3,3,0,3,3,2,2,2,2,2,2,2,2,2,2,2,2,2
gagankt,2012-11-06 21:37:25.0,1352255845000,43,0,5,0,5,3,3,3,3,3,3,3,3,3,3,0,0,0,0,0,0,0,3,0,0,0,0,0,0,0,0,0,0,0,0,0
thomasw,2012-11-06 21:40:58.0,1352256058000,68,5,5,5,5,3,3,0,3,3,3,3,3,3,3,3,3,3,3,3,0,3,3,0,0,0,0,0,0,0,0,0,0,0,0,0
nickpoz,2012-11-06 21:40:58.0,1352256058000,100,5,5,5,5,3,3,3,3,3,3,3,3,3,3,3,3,3,3,3,3,3,3,2,2,2,2,2,2,2,2,2,2,2,2,2
nmistry1,2012-11-06 21:43:24.0,1352256204000,69,5,5,5,0,3,3,3,3,3,3,3,3,3,3,3,3,3,3,3,3,3,3,0,0,0,0,0,0,0,0,0,0,0,0,0
kmadura,2012-11-06 21:43:46.0,1352256226000,77,5,5,5,5,0,0,3,3,3,3,3,3,3,3,3,3,3,3,3,3,3,0,2,0,0,2,0,2,2,0,2,2,0,0,0
thomasw,2012-11-06 21:45:07.0,1352256307000,68,5,5,5,5,3,3,0,3,3,3,3,3,3,3,3,3,3,3,3,0,3,3,0,0,0,0,0,0,0,0,0,0,0,0,0
tim2tran,2012-11-06 21:45:26.0,1352256326000,65,5,5,5,5,0,0,3,3,3,3,3,3,3,3,3,3,3,3,3,3,3,0,0,0,0,0,0,0,0,0,0,0,0,0,0
gagankt,2012-11-06 21:45:44.0,1352256344000,48,5,5,0,5,3,3,3,3,3,3,3,3,3,3,0,0,0,0,0,0,0,3,0,0,0,0,0,0,0,0,0,0,0,0,0
ireichar,2012-11-06 21:45:44.0,1352256344000,63,5,5,5,0,3,3,3,3,3,0,3,3,3,3,3,3,3,3,3,3,3,0,0,0,0,0,0,0,0,0,0,0,0,0,0
dcosiem,2012-11-06 21:46:32.0,1352256392000,40,5,5,0,0,3,3,3,3,3,3,3,3,3,3,0,0,0,0,0,0,0,0,0,0,0,0,0,0,0,0,0,0,0,0,0
amascone,2012-11-06 21:46:34.0,1352256394000,75,5,5,5,5,3,3,3,3,3,3,3,3,3,3,3,3,3,3,3,3,3,0,0,0,0,0,0,0,2,0,2,0,0,0,0
khaile,2012-11-06 21:46:40.0,1352256400000,65,5,5,5,5,3,3,3,3,3,3,3,3,3,3,3,3,3,0,3,3,0,0,0,0,0,0,0,0,0,0,0,0,0,0,0
nickpoz,2012-11-06 21:46:44.0,1352256404000,100,5,5,5,5,3,3,3,3,3,3,3,3,3,3,3,3,3,3,3,3,3,3,2,2,2,2,2,2,2,2,2,2,2,2,2
rjames13,2012-11-06 21:48:37.0,1352256517000,100,5,5,5,5,3,3,3,3,3,3,3,3,3,3,3,3,3,3,3,3,3,3,2,2,2,2,2,2,2,2,2,2,2,2,2
nmistry1,2012-11-06 21:49:40.0,1352256580000,74,5,5,5,5,3,3,3,3,3,3,3,3,3,3,3,3,3,3,3,3,3,3,0,0,0,0,0,0,0,0,0,0,0,0,0
chadham7,2012-11-06 21:49:43.0,1352256583000,69,5,5,5,0,3,3,3,3,3,3,3,3,3,3,3,3,3,3,3,3,3,3,0,0,0,0,0,0,0,0,0,0,0,0,0
bwhitehe,2012-11-06 21:50:20.0,1352256620000,45,5,5,5,0,0,0,3,3,3,3,3,3,3,3,0,0,0,3,0,3,0,0,0,0,0,0,0,0,0,0,0,0,0,0,0
alextau,2012-11-06 21:50:25.0,1352256625000,65,5,5,5,5,0,0,3,3,3,3,3,3,3,3,3,3,3,3,3,3,3,0,0,0,0,0,0,0,0,0,0,0,0,0,0
skhan126,2012-11-06 21:51:37.0,1352256697000,69,5,5,5,0,3,3,3,3,3,3,3,3,3,3,3,3,3,3,3,3,3,3,0,0,0,0,0,0,0,0,0,0,0,0,0
tim2tran,2012-11-06 21:52:02.0,1352256722000,74,5,5,5,5,3,3,3,3,3,3,3,3,3,3,3,3,3,3,3,3,3,3,0,0,0,0,0,0,0,0,0,0,0,0,0
nmistry1,2012-11-06 21:52:29.0,1352256749000,74,5,5,5,5,3,3,3,3,3,3,3,3,3,3,3,3,3,3,3,3,3,3,0,0,0,0,0,0,0,0,0,0,0,0,0
khogan,2012-11-06 21:52:38.0,1352256758000,75,5,5,5,5,3,3,3,3,3,3,3,3,3,3,3,3,3,3,3,3,0,3,0,0,0,0,0,0,2,0,2,0,0,0,0
ssilberh,2012-11-06 21:53:03.0,1352256783000,54,5,0,5,5,3,3,3,3,3,3,0,0,0,0,3,3,3,3,3,3,3,0,0,0,0,0,0,0,0,0,0,0,0,0,0
kmadura,2012-11-06 21:53:07.0,1352256787000,77,5,5,5,5,0,0,3,3,3,3,3,3,3,3,3,3,3,3,3,3,3,0,2,0,0,2,0,2,2,0,2,2,0,0,0
arinray,2012-11-06 21:53:50.0,1352256830000,61,5,5,5,5,3,3,3,3,3,3,3,3,3,3,0,0,0,3,3,3,0,0,0,0,0,0,0,0,0,0,0,0,2,0,0
ssilberh,2012-11-06 21:54:34.0,1352256874000,74,5,5,5,5,3,3,3,3,3,3,3,3,3,3,3,3,3,3,3,3,3,3,0,0,0,0,0,0,0,0,0,0,0,0,0
nkarroum,2012-11-06 21:54:50.0,1352256890000,65,5,5,5,5,0,0,3,3,3,3,3,3,3,3,3,3,3,3,3,3,0,3,0,0,0,0,0,0,0,0,0,0,0,0,0
bneumaie,2012-11-06 21:55:17.0,1352256917000,97,5,5,5,5,3,3,3,3,3,3,3,3,3,3,3,3,3,3,3,3,0,3,2,2,2,2,2,2,2,2,2,2,2,2,2
ireichar,2012-11-06 21:55:22.0,1352256922000,68,5,5,5,5,3,3,3,3,3,0,3,3,3,3,3,3,3,3,3,3,3,0,0,0,0,0,0,0,0,0,0,0,0,0,0
lucataco,2012-11-06 21:55:28.0,1352256928000,50,5,5,5,5,0,0,3,3,3,3,3,3,3,3,0,3,0,0,0,3,0,0,0,0,0,0,0,0,0,0,0,0,0,0,0
ahayhurs,2012-11-06 21:55:30.0,1352256930000,55,5,5,0,0,3,3,3,3,3,3,3,3,3,3,3,3,3,0,3,0,0,3,0,0,0,0,0,0,0,0,0,0,0,0,0
dcosiem,2012-11-06 21:55:37.0,1352256937000,45,5,5,0,5,3,3,3,3,3,3,3,3,3,3,0,0,0,0,0,0,0,0,0,0,0,0,0,0,0,0,0,0,0,0,0
jstout1,2012-11-06 21:55:53.0,1352256953000,66,5,5,5,0,3,3,3,3,3,3,3,3,3,3,3,3,3,3,3,3,3,0,0,0,0,0,0,0,0,0,0,0,0,0,0
skhan126,2012-11-06 21:56:07.0,1352256967000,78,5,5,5,5,3,3,3,3,3,3,3,3,3,3,3,3,3,3,3,3,3,3,0,0,0,0,0,0,2,0,2,0,0,0,0
crogan,2012-11-06 21:56:11.0,1352256971000,37,5,0,0,5,3,3,3,3,3,3,3,3,3,0,0,0,0,0,0,0,0,0,0,0,0,0,0,0,0,0,0,0,0,0,0
pmasigla,2012-11-06 21:57:09.0,1352257029000,65,5,5,0,5,0,0,3,3,3,3,3,3,3,3,3,3,3,0,3,0,0,0,2,2,0,0,0,2,2,0,2,2,2,0,0
alextau,2012-11-06 21:57:26.0,1352257046000,68,5,5,5,5,0,0,3,3,3,3,3,3,3,3,3,3,3,3,3,3,3,3,0,0,0,0,0,0,0,0,0,0,0,0,0
lyuhau,2012-11-06 21:57:32.0,1352257052000,94,5,5,5,5,0,0,3,3,3,3,3,3,3,3,3,3,3,3,3,3,3,3,2,2,2,2,2,2,2,2,2,2,2,2,2
dcosiem,2012-11-06 21:57:34.0,1352257054000,68,5,5,5,5,3,3,3,3,3,3,3,3,3,3,3,0,3,3,3,0,3,3,0,0,0,0,0,0,0,0,0,0,0,0,0
sal1992,2012-11-06 21:58:31.0,1352257111000,31,5,5,0,0,0,0,3,3,3,3,3,0,3,3,0,0,0,0,0,0,0,0,0,0,0,0,0,0,0,0,0,0,0,0,0
ahayhurs,2012-11-06 21:58:36.0,1352257116000,58,5,5,0,0,3,3,3,3,3,3,3,3,3,3,3,3,3,0,3,3,0,3,0,0,0,0,0,0,0,0,0,0,0,0,0
andyb,2012-11-06 21:58:52.0,1352257132000,65,5,5,5,5,0,0,3,3,3,3,3,3,3,3,3,3,3,3,3,3,3,0,0,0,0,0,0,0,0,0,0,0,0,0,0
garrettt,2012-11-06 21:59:18.0,1352257158000,41,0,5,0,0,3,3,3,3,3,3,3,3,3,3,0,0,0,3,0,3,0,0,0,0,0,0,0,0,0,0,0,0,0,0,0
tim2tran,2012-11-06 21:59:24.0,1352257164000,74,5,5,5,5,3,3,3,3,3,3,3,3,3,3,3,3,3,3,3,3,3,3,0,0,0,0,0,0,0,0,0,0,0,0,0
adilosa,2012-11-06 21:59:53.0,1352257193000,14,0,0,5,0,0,0,0,0,0,0,0,0,0,0,0,0,3,3,0,3,0,0,0,0,0,0,0,0,0,0,0,0,0,0,0
kjames33,2012-11-06 22:00:03.0,1352257203000,53,5,5,5,5,0,0,3,3,3,3,3,3,3,3,0,0,0,3,3,0,0,3,0,0,0,0,0,0,0,0,0,0,0,0,0
lyuhau,2012-11-06 22:00:22.0,1352257222000,94,5,5,5,5,0,0,3,3,3,3,3,3,3,3,3,3,3,3,3,3,3,3,2,2,2,2,2,2,2,2,2,2,2,2,2
chadham7,2012-11-06 22:01:06.0,1352257266000,69,5,5,5,0,3,3,3,3,3,3,3,3,3,3,3,3,3,3,3,3,3,3,0,0,0,0,0,0,0,0,0,0,0,0,0
jstout1,2012-11-06 22:01:16.0,1352257276000,71,5,5,5,5,3,3,3,3,3,3,3,3,3,3,3,3,3,3,3,3,3,0,0,0,0,0,0,0,0,0,0,0,0,0,0
crogan,2012-11-06 22:05:33.0,1352257533000,45,5,5,0,5,3,3,3,3,3,3,3,3,3,3,0,0,0,0,0,0,0,0,0,0,0,0,0,0,0,0,0,0,0,0,0
lyuhau,2012-11-06 22:05:55.0,1352257555000,94,5,5,5,5,0,0,3,3,3,3,3,3,3,3,3,3,3,3,3,3,3,3,2,2,2,2,2,2,2,2,2,2,2,2,2
nmistry1,2012-11-06 22:10:43.0,1352257843000,74,5,5,5,5,3,3,3,3,3,3,3,3,3,3,3,3,3,3,3,3,3,3,0,0,0,0,0,0,0,0,0,0,0,0,0
chadham7,2012-11-06 22:19:45.0,1352258385000,74,5,5,5,5,3,3,3,3,3,3,3,3,3,3,3,3,3,3,3,3,3,3,0,0,0,0,0,0,0,0,0,0,0,0,0
garrettt,2012-11-06 22:28:25.0,1352258905000,49,5,5,0,0,3,3,3,3,3,3,3,3,3,3,0,0,0,3,3,3,0,0,0,0,0,0,0,0,0,0,0,0,0,0,0
jstout1,2012-11-06 22:49:06.0,1352260146000,97,5,5,5,5,3,3,3,3,3,3,3,3,3,3,3,3,3,3,3,3,3,0,2,2,2,2,2,2,2,2,2,2,2,2,2
adilosa,2012-11-06 22:55:10.0,1352260510000,14,0,0,5,0,0,0,0,0,0,0,0,0,0,0,0,0,3,3,0,3,0,0,0,0,0,0,0,0,0,0,0,0,0,0,0
gagankt,2012-11-06 23:16:25.0,1352261785000,71,5,5,5,5,3,3,3,3,3,3,3,3,3,3,3,3,3,3,3,3,0,3,0,0,0,0,0,0,0,0,0,0,0,0,0
gagankt,2012-11-06 23:37:07.0,1352263027000,71,5,5,0,5,3,3,3,3,3,3,3,3,3,3,0,0,0,0,0,0,0,0,2,2,2,2,2,2,2,2,2,2,2,2,2
gagankt,2012-11-06 23:39:29.0,1352263169000,97,5,5,5,5,3,3,3,3,3,3,3,3,3,3,3,3,3,3,3,3,0,3,2,2,2,2,2,2,2,2,2,2,2,2,2
alextau,2012-11-07 00:08:07.0,1352264887000,94,5,5,5,5,0,0,3,3,3,3,3,3,3,3,3,3,3,3,3,3,3,3,2,2,2,2,2,2,2,2,2,2,2,2,2
ahayhurs,2012-11-07 00:18:07.0,1352265487000,66,5,5,5,0,3,3,3,3,3,3,3,3,3,3,3,3,3,3,3,3,0,3,0,0,0,0,0,0,0,0,0,0,0,0,0
pbloch,2012-11-07 01:33:03.0,1352269983000,65,5,5,5,5,0,0,3,3,3,3,3,3,3,3,3,3,3,3,0,3,3,3,0,0,0,0,0,0,0,0,0,0,0,0,0
dquispe,2012-11-07 02:49:36.0,1352274576000,0,0,0,0,0,0,0,0,0,0,0,0,0,0,0,0,0,0,0,0,0,0,0,0,0,0,0,0,0,0,0,0,0,0,0,0
dquispe,2012-11-07 03:28:29.0,1352276909000,0,0,0,0,0,0,0,0,0,0,0,0,0,0,0,0,0,0,0,0,0,0,0,0,0,0,0,0,0,0,0,0,0,0,0,0
dquispe,2012-11-07 03:30:38.0,1352277038000,5,0,0,0,5,0,0,0,0,0,0,0,0,0,0,0,0,0,0,0,0,0,0,0,0,0,0,0,0,0,0,0,0,0,0,0
ytliang,2012-11-07 04:01:47.0,1352278907000,40,5,5,0,0,3,3,3,3,3,3,3,3,3,3,0,0,0,0,0,0,0,0,0,0,0,0,0,0,0,0,0,0,0,0,0
dsweeney,2012-11-07 10:15:20.0,1352301320000,45,5,5,0,5,3,3,3,3,3,3,3,3,3,3,0,0,0,0,0,0,0,0,0,0,0,0,0,0,0,0,0,0,0,0,0
dsweeney,2012-11-07 10:18:10.0,1352301490000,71,5,5,5,5,3,3,3,3,3,3,3,3,3,3,3,3,3,3,3,3,3,0,0,0,0,0,0,0,0,0,0,0,0,0,0
jdklein,2012-11-07 12:22:50.0,1352308970000,88,5,5,5,5,3,3,3,3,3,3,3,3,3,3,3,3,3,3,3,3,3,3,2,2,0,2,0,2,2,0,0,2,2,0,0
Khwang,2012-11-07 14:18:37.0,1352315917000,27,0,0,0,0,3,3,3,3,0,0,3,3,3,0,0,0,3,0,0,0,0,3,0,0,0,0,0,0,0,0,0,0,0,0,0
singhn,2012-11-07 14:50:22.0,1352317822000,0,0,0,0,0,0,0,0,0,0,0,0,0,0,0,0,0,0,0,0,0,0,0,0,0,0,0,0,0,0,0,0,0,0,0,0
singhn,2012-11-07 14:53:30.0,1352318010000,0,0,0,0,0,0,0,0,0,0,0,0,0,0,0,0,0,0,0,0,0,0,0,0,0,0,0,0,0,0,0,0,0,0,0,0
singhn,2012-11-07 15:05:39.0,1352318739000,0,0,0,0,0,0,0,0,0,0,0,0,0,0,0,0,0,0,0,0,0,0,0,0,0,0,0,0,0,0,0,0,0,0,0,0
andyb,2012-11-07 15:06:45.0,1352318805000,100,5,5,5,5,3,3,3,3,3,3,3,3,3,3,3,3,3,3,3,3,3,3,2,2,2,2,2,2,2,2,2,2,2,2,2
nleibolt,2012-11-07 15:18:23.0,1352319503000,63,5,5,5,0,3,3,3,3,3,3,3,3,3,3,3,3,3,3,3,3,0,0,0,0,0,0,0,0,0,0,0,0,0,0,0
Khwang,2012-11-07 15:26:47.0,1352320007000,40,0,5,5,0,3,3,3,3,0,0,3,3,3,3,0,0,3,0,0,0,0,3,0,0,0,0,0,0,0,0,0,0,0,0,0
jdklein,2012-11-07 15:45:09.0,1352321109000,88,5,5,5,5,3,3,3,3,3,3,3,3,3,3,3,3,3,3,3,3,3,3,2,2,0,2,0,2,2,0,0,2,2,0,0
khaile,2012-11-07 15:49:02.0,1352321342000,71,5,5,0,5,3,3,3,3,3,3,3,3,3,3,0,0,0,0,0,0,0,0,2,2,2,2,2,2,2,2,2,2,2,2,2
jrobusto,2012-11-07 16:00:25.0,1352322025000,97,5,5,5,5,3,3,3,3,3,3,3,3,3,3,3,3,3,3,3,3,0,3,2,2,2,2,2,2,2,2,2,2,2,2,2
jrobusto,2012-11-07 16:10:37.0,1352322637000,97,5,5,5,5,3,3,3,3,3,3,3,3,3,3,3,3,3,3,3,3,0,3,2,2,2,2,2,2,2,2,2,2,2,2,2
rmonga1,2012-11-07 17:15:29.0,1352326529000,74,5,5,5,5,3,3,3,3,3,3,3,3,3,3,3,3,3,3,3,3,3,3,0,0,0,0,0,0,0,0,0,0,0,0,0
krutkows,2012-11-07 17:16:39.0,1352326599000,100,5,5,5,5,3,3,3,3,3,3,3,3,3,3,3,3,3,3,3,3,3,3,2,2,2,2,2,2,2,2,2,2,2,2,2
dcosiem,2012-11-07 17:36:03.0,1352327763000,94,5,5,5,5,3,3,3,3,3,3,3,3,3,3,3,0,3,3,3,0,3,3,2,2,2,2,2,2,2,2,2,2,2,2,2
pater24,2012-11-07 17:38:20.0,1352327900000,65,5,5,0,5,0,0,3,3,3,3,3,3,3,3,0,0,0,0,0,0,0,0,2,2,2,2,2,2,2,2,2,2,2,2,2
jacbaker,2012-11-07 17:42:14.0,1352328134000,0,0,0,0,0,0,0,0,0,0,0,0,0,0,0,0,0,0,0,0,0,0,0,0,0,0,0,0,0,0,0,0,0,0,0,0
dnaval,2012-11-07 17:42:53.0,1352328173000,100,5,5,5,5,3,3,3,3,3,3,3,3,3,3,3,3,3,3,3,3,3,3,2,2,2,2,2,2,2,2,2,2,2,2,2
khaile,2012-11-07 17:51:52.0,1352328712000,91,5,5,5,5,3,3,3,3,3,3,3,3,3,3,3,3,3,0,3,3,0,0,2,2,2,2,2,2,2,2,2,2,2,2,2
rushk,2012-11-07 18:32:12.0,1352331132000,13,0,0,5,5,0,0,0,0,0,0,0,0,0,0,0,0,0,0,3,0,0,0,0,0,0,0,0,0,0,0,0,0,0,0,0
rushk,2012-11-07 18:34:19.0,1352331259000,50,5,5,5,5,3,3,3,3,3,0,3,3,3,3,0,0,0,0,3,0,0,0,0,0,0,0,0,0,0,0,0,0,0,0,0
singhn,2012-11-07 18:37:02.0,1352331422000,9,0,0,0,0,3,3,0,0,0,3,0,0,0,0,0,0,0,0,0,0,0,0,0,0,0,0,0,0,0,0,0,0,0,0,0
singhn,2012-11-07 18:40:56.0,1352331656000,9,0,0,0,0,3,3,0,0,0,3,0,0,0,0,0,0,0,0,0,0,0,0,0,0,0,0,0,0,0,0,0,0,0,0,0
khogan,2012-11-07 18:44:52.0,1352331892000,79,5,5,5,5,3,3,3,3,3,3,3,3,3,3,3,3,3,3,3,3,0,3,2,2,0,0,0,0,2,0,2,0,0,0,0
khaile,2012-11-07 18:58:15.0,1352332695000,91,5,5,5,5,3,3,3,3,3,3,3,3,3,3,3,3,3,0,3,3,0,0,2,2,2,2,2,2,2,2,2,2,2,2,2
singhn,2012-11-07 18:58:24.0,1352332704000,18,0,0,0,0,3,3,0,0,0,3,0,3,3,3,0,0,0,0,0,0,0,0,0,0,0,0,0,0,0,0,0,0,0,0,0
ahayhurs,2012-11-07 19:10:24.0,1352333424000,71,5,5,5,5,3,3,3,3,3,3,3,3,3,3,3,3,3,3,3,3,0,3,0,0,0,0,0,0,0,0,0,0,0,0,0
kathrynh,2012-11-07 19:23:09.0,1352334189000,25,0,0,5,5,0,0,0,0,0,0,0,0,0,0,3,3,3,3,3,0,0,0,0,0,0,0,0,0,0,0,0,0,0,0,0
kathrynh,2012-11-07 19:25:33.0,1352334333000,59,5,5,5,5,0,0,3,3,3,0,3,3,3,3,3,3,3,3,3,0,0,3,0,0,0,0,0,0,0,0,0,0,0,0,0
tlees,2012-11-07 19:36:10.0,1352334970000,46,5,5,0,0,0,0,3,0,3,3,3,3,3,3,3,0,0,3,3,3,3,0,0,0,0,0,0,0,0,0,0,0,0,0,0
singhn,2012-11-07 20:02:11.0,1352336531000,37,5,5,0,0,3,3,0,3,3,3,3,3,3,3,0,0,0,0,0,0,0,0,0,0,0,0,0,0,0,0,0,0,0,0,0
rushk,2012-11-07 20:06:19.0,1352336779000,56,5,5,5,5,3,3,3,3,3,0,3,3,3,3,0,0,0,0,3,3,0,3,0,0,0,0,0,0,0,0,0,0,0,0,0
ssilberh,2012-11-07 20:17:57.0,1352337477000,71,5,5,5,5,0,3,3,3,3,3,3,3,3,3,3,3,3,3,3,3,3,3,0,0,0,0,0,0,0,0,0,0,0,0,0
sdmart3,2012-11-07 20:22:56.0,1352337776000,27,0,0,0,0,3,3,3,3,3,0,3,3,0,3,0,0,0,0,0,0,0,3,0,0,0,0,0,0,0,0,0,0,0,0,0
jchen92,2012-11-07 20:35:34.0,1352338534000,94,5,5,5,5,3,3,3,3,3,3,3,3,3,3,3,0,3,3,3,3,0,3,2,2,2,2,2,2,2,2,2,2,2,2,2
dquispe,2012-11-07 20:36:13.0,1352338573000,46,0,0,0,5,0,0,3,0,0,3,3,0,3,3,0,0,0,0,0,0,0,0,2,2,2,2,2,2,2,2,2,2,2,2,2
dfreunde,2012-11-07 20:42:04.0,1352338924000,39,5,5,5,0,0,0,3,3,3,3,3,3,3,3,0,0,0,0,0,0,0,0,0,0,0,0,0,0,0,0,0,0,0,0,0
atran124,2012-11-07 20:58:11.0,1352339891000,97,5,5,5,5,3,3,3,3,3,3,3,3,3,3,3,3,3,3,3,3,3,0,2,2,2,2,2,2,2,2,2,2,2,2,2
dbouman,2012-11-07 21:13:02.0,1352340782000,63,5,5,5,5,3,3,3,3,3,3,3,3,3,3,0,0,0,3,3,0,3,0,0,0,0,0,0,0,2,0,2,0,0,0,0
sdmart3,2012-11-07 21:21:52.0,1352341312000,40,5,5,0,0,3,3,3,3,3,0,3,3,3,3,0,0,0,0,0,0,0,3,0,0,0,0,0,0,0,0,0,0,0,0,0
ipersons,2012-11-07 21:23:56.0,1352341436000,40,5,5,0,0,3,3,3,3,3,3,3,3,3,3,0,0,0,0,0,0,0,0,0,0,0,0,0,0,0,0,0,0,0,0,0
alextau,2012-11-07 21:26:20.0,1352341580000,97,5,5,5,5,0,3,3,3,3,3,3,3,3,3,3,3,3,3,3,3,3,3,2,2,2,2,2,2,2,2,2,2,2,2,2
sdmart3,2012-11-07 21:30:15.0,1352341815000,37,5,5,0,0,3,3,3,3,3,0,3,3,3,3,0,0,0,0,0,0,0,0,0,0,0,0,0,0,0,0,0,0,0,0,0
kbyrdman,2012-11-07 21:35:23.0,1352342123000,88,5,5,5,5,3,3,3,3,3,3,3,3,3,3,0,0,0,3,3,3,0,3,2,2,2,2,2,2,2,2,2,2,2,2,2
ipersons,2012-11-07 21:37:24.0,1352342244000,40,5,5,0,0,3,3,3,3,3,3,3,3,3,3,0,0,0,0,0,0,0,0,0,0,0,0,0,0,0,0,0,0,0,0,0
stenborg,2012-11-07 21:45:22.0,1352342722000,74,5,5,5,5,3,3,3,3,3,3,3,3,3,3,3,3,3,3,3,3,3,3,0,0,0,0,0,0,0,0,0,0,0,0,0
sal1992,2012-11-07 21:45:53.0,1352342753000,39,5,5,5,0,0,0,3,3,3,3,3,0,3,3,0,0,0,3,0,0,0,0,0,0,0,0,0,0,0,0,0,0,0,0,0
thomasw,2012-11-07 21:48:59.0,1352342939000,68,5,5,5,5,3,3,3,3,3,3,3,3,3,3,3,3,3,3,3,0,3,0,0,0,0,0,0,0,0,0,0,0,0,0,0
nleibolt,2012-11-07 21:49:49.0,1352342989000,63,5,5,5,0,3,3,3,3,3,3,3,3,3,3,3,3,3,3,3,3,0,0,0,0,0,0,0,0,0,0,0,0,0,0,0
nleibolt,2012-11-07 21:52:11.0,1352343131000,68,5,5,5,5,3,3,3,3,3,3,3,3,3,3,3,3,3,3,3,3,0,0,0,0,0,0,0,0,0,0,0,0,0,0,0
akapur92,2012-11-07 21:54:01.0,1352343241000,62,5,5,5,5,0,3,3,3,3,3,3,3,3,3,3,3,3,0,3,0,3,0,0,0,0,0,0,0,0,0,0,0,0,0,0
dquispe,2012-11-07 21:54:31.0,1352343271000,46,0,0,0,5,0,0,3,0,0,3,3,0,3,3,0,0,0,0,0,0,0,0,2,2,2,2,2,2,2,2,2,2,2,2,2
garrettt,2012-11-07 21:55:06.0,1352343306000,54,5,5,5,0,3,3,3,3,3,3,3,3,3,3,0,0,0,3,3,3,0,0,0,0,0,0,0,0,0,0,0,0,0,0,0
alextau,2012-11-07 21:55:54.0,1352343354000,97,5,5,5,5,0,3,3,3,3,3,3,3,3,3,3,3,3,3,3,3,3,3,2,2,2,2,2,2,2,2,2,2,2,2,2
pmasigla,2012-11-07 21:56:19.0,1352343379000,65,5,5,0,5,0,0,3,3,3,3,3,3,3,3,3,3,3,0,3,0,0,0,2,2,0,0,0,2,2,0,2,2,2,0,0
alextau,2012-11-07 21:57:45.0,1352343465000,97,5,5,5,5,0,3,3,3,3,3,3,3,3,3,3,3,3,3,3,3,3,3,2,2,2,2,2,2,2,2,2,2,2,2,2
euduka,2012-11-07 21:59:39.0,1352343579000,51,5,5,5,0,3,3,3,3,3,3,3,3,3,3,0,0,0,3,3,0,0,0,0,0,0,0,0,0,0,0,0,0,0,0,0
ipersons,2012-11-07 21:59:58.0,1352343598000,40,5,5,0,0,3,3,3,3,3,3,3,3,3,3,0,0,0,0,0,0,0,0,0,0,0,0,0,0,0,0,0,0,0,0,0
driveros,2012-11-07 22:13:55.0,1352344435000,57,5,5,5,0,3,3,3,3,3,3,3,3,3,3,0,0,0,3,3,3,0,3,0,0,0,0,0,0,0,0,0,0,0,0,0
dquispe,2012-11-07 22:16:52.0,1352344612000,57,5,0,0,5,0,0,3,3,3,3,3,0,3,3,0,0,0,0,0,0,0,0,2,2,2,2,2,2,2,2,2,2,2,2,2
ipersons,2012-11-07 22:30:09.0,1352345409000,74,5,5,5,5,3,3,3,3,3,3,3,3,3,3,3,3,3,3,3,3,3,3,0,0,0,0,0,0,0,0,0,0,0,0,0
rmonga1,2012-11-07 22:50:17.0,1352346617000,100,5,5,5,5,3,3,3,3,3,3,3,3,3,3,3,3,3,3,3,3,3,3,2,2,2,2,2,2,2,2,2,2,2,2,2
jlainn,2012-11-07 23:18:12.0,1352348292000,65,5,5,5,5,0,0,3,3,3,3,3,3,3,3,3,3,3,3,3,3,0,3,0,0,0,0,0,0,0,0,0,0,0,0,0
pater24,2012-11-08 00:11:52.0,1352351512000,0,0,0,0,0,0,0,0,0,0,0,0,0,0,0,0,0,0,0,0,0,0,0,0,0,0,0,0,0,0,0,0,0,0,0,0
tlees,2012-11-08 00:12:33.0,1352351553000,88,5,5,5,5,0,0,3,0,3,3,3,3,3,3,3,3,3,3,3,3,3,0,2,2,2,2,2,2,2,2,2,2,2,2,2
pater24,2012-11-08 00:19:03.0,1352351943000,94,5,5,5,5,3,3,3,3,3,3,3,3,3,3,3,3,3,0,3,3,3,0,2,2,2,2,2,2,2,2,2,2,2,2,2
pater24,2012-11-08 00:52:55.0,1352353975000,94,5,5,5,5,3,3,3,3,3,3,3,3,3,3,3,3,3,0,3,3,3,0,2,2,2,2,2,2,2,2,2,2,2,2,2
tlees,2012-11-08 01:28:08.0,1352356088000,94,5,5,5,5,3,3,3,0,3,3,3,3,3,3,3,3,3,3,3,3,3,0,2,2,2,2,2,2,2,2,2,2,2,2,2
dquispe,2012-11-08 02:22:34.0,1352359354000,57,5,0,0,5,0,0,3,3,3,3,3,0,3,3,0,0,0,0,0,0,0,0,2,2,2,2,2,2,2,2,2,2,2,2,2
dquispe,2012-11-08 02:33:36.0,1352360016000,57,5,0,0,5,0,0,3,3,3,3,3,0,3,3,0,0,0,0,0,0,0,0,2,2,2,2,2,2,2,2,2,2,2,2,2
dquispe,2012-11-08 02:42:55.0,1352360575000,65,5,5,0,5,0,0,3,3,3,3,3,3,3,3,0,0,0,0,0,0,0,0,2,2,2,2,2,2,2,2,2,2,2,2,2
aac312,2012-11-08 09:29:39.0,1352384979000,44,5,5,5,5,0,0,0,3,3,0,3,3,3,3,0,0,0,3,3,0,0,0,0,0,0,0,0,0,0,0,0,0,0,0,0
pater24,2012-11-08 09:51:17.0,1352386277000,97,5,5,5,5,3,3,3,3,3,3,3,3,3,3,3,3,3,0,3,3,3,3,2,2,2,2,2,2,2,2,2,2,2,2,2
sdmart3,2012-11-08 14:28:28.0,1352402908000,43,5,5,0,0,3,3,3,3,3,0,3,3,3,3,0,0,0,0,3,0,0,3,0,0,0,0,0,0,0,0,0,0,0,0,0
jacbaker,2012-11-08 14:57:21.0,1352404641000,49,5,0,5,0,0,0,3,3,3,3,3,3,0,0,3,3,3,3,3,3,0,3,0,0,0,0,0,0,0,0,0,0,0,0,0
skhan126,2012-11-08 15:41:21.0,1352407281000,78,5,5,5,5,3,3,3,3,3,3,3,3,3,3,3,3,3,3,3,3,3,3,0,0,0,0,0,0,2,0,0,0,2,0,0
camccrea,2012-11-08 15:58:23.0,1352408303000,57,0,0,5,5,0,0,0,0,0,0,0,0,0,0,3,3,3,3,3,3,3,0,2,2,2,2,2,2,2,2,2,2,2,2,2
camccrea,2012-11-08 16:03:03.0,1352408583000,100,5,5,5,5,3,3,3,3,3,3,3,3,3,3,3,3,3,3,3,3,3,3,2,2,2,2,2,2,2,2,2,2,2,2,2
sdmart3,2012-11-08 18:10:31.0,1352416231000,37,5,5,0,0,3,3,3,3,3,0,3,3,3,3,0,0,0,0,0,0,0,0,0,0,0,0,0,0,0,0,0,0,0,0,0
sdmart3,2012-11-08 18:15:33.0,1352416533000,54,5,5,5,0,3,3,3,3,3,0,3,3,3,3,0,0,0,3,3,3,0,3,0,0,0,0,0,0,0,0,0,0,0,0,0
svarkian,2012-11-08 18:18:22.0,1352416702000,0,0,0,0,0,0,0,0,0,0,0,0,0,0,0,0,0,0,0,0,0,0,0,0,0,0,0,0,0,0,0,0,0,0,0,0
sdmart3,2012-11-08 18:31:08.0,1352417468000,54,5,5,5,0,3,3,3,3,3,0,3,3,3,3,0,0,0,3,3,3,0,3,0,0,0,0,0,0,0,0,0,0,0,0,0
euduka,2012-11-08 18:32:58.0,1352417578000,56,5,5,5,5,3,3,3,3,3,3,3,3,3,3,0,0,0,3,3,0,0,0,0,0,0,0,0,0,0,0,0,0,0,0,0
jacbaker,2012-11-08 18:34:20.0,1352417660000,68,5,5,5,5,3,0,3,3,3,3,3,3,3,3,3,3,3,3,3,3,0,3,0,0,0,0,0,0,0,0,0,0,0,0,0
sdmart3,2012-11-08 18:37:12.0,1352417832000,59,5,5,5,5,3,3,3,3,3,0,3,3,3,3,0,0,0,3,3,3,0,3,0,0,0,0,0,0,0,0,0,0,0,0,0
svarkian,2012-11-08 19:01:22.0,1352419282000,0,0,0,0,0,0,0,0,0,0,0,0,0,0,0,0,0,0,0,0,0,0,0,0,0,0,0,0,0,0,0,0,0,0,0,0
dfreunde,2012-11-08 19:33:51.0,1352421231000,39,5,5,5,0,0,0,3,3,3,3,3,3,3,3,0,0,0,0,0,0,0,0,0,0,0,0,0,0,0,0,0,0,0,0,0
crogan,2012-11-08 19:40:56.0,1352421656000,0,0,0,0
gkrummel,2012-11-08 19:41:04.0,1352421664000,62,5,5,5,5,3,3,3,3,3,3,3,3,3,3,0,0,0,3,0,3,3,3,0,0,0,0,0,0,0,0,0,0,0,0,0
crogan,2012-11-08 19:45:49.0,1352421949000,100,5,5,5,5,3,3,3,3,3,3,3,3,3,3,3,3,3,3,3,3,3,3,2,2,2,2,2,2,2,2,2,2,2,2,2
gkempeni,2012-11-08 19:48:16.0,1352422096000,71,5,5,5,5,3,3,3,3,3,3,3,3,3,3,3,3,3,3,3,3,0,3,0,0,0,0,0,0,0,0,0,0,0,0,0
stenborg,2012-11-08 20:00:03.0,1352422803000,78,5,5,5,5,3,3,3,3,3,3,3,3,3,3,3,3,3,3,3,3,3,3,0,2,0,0,0,0,0,0,0,0,2,0,0
dquispe,2012-11-08 20:05:21.0,1352423121000,77,5,5,0,5,3,3,3,3,3,3,3,3,3,3,0,0,0,3,0,0,0,3,2,2,2,2,2,2,2,2,2,2,2,2,2
dquispe,2012-11-08 20:11:50.0,1352423510000,80,5,5,0,5,3,3,3,3,3,3,3,3,3,3,0,0,0,3,0,3,0,3,2,2,2,2,2,2,2,2,2,2,2,2,2
dquispe,2012-11-08 20:14:42.0,1352423682000,88,5,5,5,5,3,3,3,3,3,3,3,3,3,3,0,0,0,3,3,3,0,3,2,2,2,2,2,2,2,2,2,2,2,2,2
jbkim,2012-11-08 20:22:51.0,1352424171000,34,5,5,0,0,3,3,0,3,3,0,3,3,3,3,0,0,0,0,0,0,0,0,0,0,0,0,0,0,0,0,0,0,0,0,0
stenborg,2012-11-08 20:59:48.0,1352426388000,100,5,5,5,5,3,3,3,3,3,3,3,3,3,3,3,3,3,3,3,3,3,3,2,2,2,2,2,2,2,2,2,2,2,2,2
bjonas,2012-11-08 21:00:29.0,1352426429000,45,5,5,5,0,3,3,3,3,3,3,3,3,3,3,0,0,0,0,0,0,0,0,0,0,0,0,0,0,0,0,0,0,0,0,0
svarkian,2012-11-08 21:04:02.0,1352426642000,0,0,0,0,0,0,0,0,0,0,0,0,0,0,0,0,0,0,0,0,0,0,0,0,0,0,0,0,0,0,0,0,0,0,0,0
svarkian,2012-11-08 21:15:15.0,1352427315000,0,0,0,0,0,0,0,0,0,0,0,0,0,0,0,0,0,0,0,0,0,0,0,0,0,0,0,0,0,0,0,0,0,0,0,0
dsemick,2012-11-08 21:27:42.0,1352428062000,45,5,5,5,0,0,0,3,3,3,3,3,3,3,3,0,0,0,0,3,3,0,0,0,0,0,0,0,0,0,0,0,0,0,0,0
bjonas,2012-11-08 21:32:50.0,1352428370000,50,5,5,5,5,3,3,3,3,3,3,3,3,3,3,0,0,0,0,0,0,0,0,0,0,0,0,0,0,0,0,0,0,0,0,0
jmangino,2012-11-08 21:37:16.0,1352428636000,44,5,5,5,5,0,0,3,3,3,0,3,3,3,3,0,0,0,3,0,0,0,0,0,0,0,0,0,0,0,0,0,0,0,0,0
driveros,2012-11-08 21:45:31.0,1352429131000,68,5,5,5,5,3,3,3,3,3,3,3,3,3,3,3,3,3,3,3,0,0,3,0,0,0,0,0,0,0,0,0,0,0,0,0
bendugal,2012-11-08 21:52:01.0,1352429521000,78,5,5,5,5,0,0,3,3,3,3,3,3,3,3,3,3,3,3,3,3,3,3,0,2,0,2,0,2,2,0,0,2,0,0,0
dsemick,2012-11-08 21:52:20.0,1352429540000,45,5,5,5,0,0,0,3,3,3,3,3,3,3,3,0,0,0,0,3,3,0,0,0,0,0,0,0,0,0,0,0,0,0,0,0
dquispe,2012-11-08 21:54:17.0,1352429657000,94,5,5,5,5,3,3,3,3,3,3,3,3,3,3,3,0,3,3,3,3,0,3,2,2,2,2,2,2,2,2,2,2,2,2,2
achonai,2012-11-08 21:54:19.0,1352429659000,0,0,0,0,0,0,0,0,0,0,0,0,0,0,0,0,0,0,0,0,0,0,0,0,0,0,0,0,0,0,0,0,0,0,0,0
bjonas,2012-11-08 21:56:20.0,1352429780000,45,5,5,5,0,3,3,3,3,3,3,3,3,3,3,0,0,0,0,0,0,0,0,0,0,0,0,0,0,0,0,0,0,0,0,0
dmaywest,2012-11-08 21:57:05.0,1352429825000,3,0,0,0,0,0,0,3,0,0,0,0,0,0,0,0,0,0,0,0,0,0,0,0,0,0,0,0,0,0,0,0,0,0,0,0
gheysens,2012-11-08 21:59:56.0,1352429996000,50,0,5,0,0,3,3,3,3,3,3,3,3,3,3,3,3,3,3,3,0,0,0,0,0,0,0,0,0,0,0,0,0,0,0,0
kathrynh,2012-11-09 19:35:17.0,1352507717000,65,5,5,5,5,0,0,3,3,3,3,3,3,3,3,3,3,3,3,3,3,0,3,0,0,0,0,0,0,0,0,0,0,0,0,0
chulk90,2012-11-11 07:19:47.0,1352636387000,34,5,5,0,0,0,0,3,3,3,3,3,3,3,3,0,0,0,0,0,0,0,0,0,0,0,0,0,0,0,0,0,0,0,0,0
chulk90,2012-11-11 07:25:56.0,1352636756000,39,5,5,5,0,0,0,3,3,3,3,3,3,3,3,0,0,0,0,0,0,0,0,0,0,0,0,0,0,0,0,0,0,0,0,0
ashivkum,2012-11-12 12:57:49.0,1352743069000,88,5,5,5,5,3,3,3,3,3,3,3,3,3,3,0,0,0,3,3,3,0,3,2,2,2,2,2,2,2,2,2,2,2,2,2
aac312,2012-11-15 11:41:37.0,1352997697000,45,5,5,5,0,0,3,3,3,3,0,3,3,3,3,0,0,0,3,3,0,0,0,0,0,0,0,0,0,0,0,0,0,0,0,0
aac312,2012-11-16 09:42:53.0,1353076973000,50,5,5,5,5,0,3,3,3,3,0,3,3,3,3,0,0,0,3,3,0,0,0,0,0,0,0,0,0,0,0,0,0,0,0,0
jskoeh9,2012-11-18 16:36:42.0,1353274602000,94,5,5,5,5,3,3,3,3,3,0,3,3,3,3,3,3,3,3,3,3,0,3,2,2,2,2,2,2,2,2,2,2,2,2,2
aac312,2012-11-19 16:01:30.0,1353358890000,50,5,5,5,5,0,3,3,3,3,0,3,3,3,3,0,0,0,3,3,0,0,0,0,0,0,0,0,0,0,0,0,0,0,0,0
chadham7,2012-11-30 21:31:48.0,1354329108000,74,5,5,5,5,3,3,3,3,3,3,3,3,3,3,3,3,3,3,3,3,3,3,0,0,0,0,0,0,0,0,0,0,0,0,0
srandall,2012-12-09 00:09:30.0,1355029770000,100,5,5,5,5,3,3,3,3,3,3,3,3,3,3,3,3,3,3,3,3,3,3,2,2,2,2,2,2,2,2,2,2,2,2,2
